pair,f1
2012_Colorado_wildfires → 2012_Costa_Rica_earthquak,0.4732064077360033
2012_Colorado_wildfires → 2012_Guatemala_earthquake,0.4906912086259146
2012_Colorado_wildfires → 2012_Italy_earthquakes,0.5646191142984845
2012_Colorado_wildfires → 2012_Philipinnes_floods,0.5262537259364538
2012_Colorado_wildfires → 2012_Typhoon_Pablo,0.4569305158087771
2012_Colorado_wildfires → 2012_Venezuela_refinery,0.45137972292191436
2012_Colorado_wildfires → 2013_Alberta_floods,0.4593776641206265
2012_Colorado_wildfires → 2013_Australia_bushfire,0.42321927825823574
2012_Colorado_wildfires → 2013_Bohol_earthquake,0.4437012647328128
2012_Colorado_wildfires → 2013_Boston_bombings,0.3429438295521095
2012_Colorado_wildfires → 2013_Brazil_nightclub_fir,0.3408068770276693
2012_Colorado_wildfires → 2013_Colorado_floods,0.3936752740324984
2012_Colorado_wildfires → 2013_Glasgow_helicopter_c,0.1942695893701674
2012_Colorado_wildfires → 2013_Lac_Megantic_train_c,0.34952231525725797
2012_Colorado_wildfires → 2013_LA_airport_shootings,0.26428575960912515
2012_Colorado_wildfires → 2013_Manila_floods,0.4979963064630887
2012_Colorado_wildfires → 2013_NY_train_crash,0.23676813375097513
2012_Colorado_wildfires → 2013_Queensland_floods,0.36838403856003793
2012_Colorado_wildfires → 2013_Russia_meteor,0.4024908590633566
2012_Colorado_wildfires → 2013_Sardinia_floods,0.5690215402576826
2012_Colorado_wildfires → 2013_Savar_building_colla,0.192499959533532
2012_Colorado_wildfires → 2013_Singapore_haze,0.33534165462545606
2012_Colorado_wildfires → 2013_Spain_train_crash,0.3325057383195836
2012_Colorado_wildfires → 2013_Typhoon_Yolanda,0.5331177749561946
2012_Colorado_wildfires → 2013_West_Texas_explosion,0.3226699142214749
2012_Costa_Rica_earthquak → 2012_Colorado_wildfires,0.39816313485496657
2012_Costa_Rica_earthquak → 2012_Guatemala_earthquake,0.5682643533741486
2012_Costa_Rica_earthquak → 2012_Italy_earthquakes,0.610595204004244
2012_Costa_Rica_earthquak → 2012_Philipinnes_floods,0.4974629582295353
2012_Costa_Rica_earthquak → 2012_Typhoon_Pablo,0.43742256385309125
2012_Costa_Rica_earthquak → 2012_Venezuela_refinery,0.5575165198063031
2012_Costa_Rica_earthquak → 2013_Alberta_floods,0.42381648598646027
2012_Costa_Rica_earthquak → 2013_Australia_bushfire,0.4049013671076637
2012_Costa_Rica_earthquak → 2013_Bohol_earthquake,0.5945891877753173
2012_Costa_Rica_earthquak → 2013_Boston_bombings,0.3345911356561858
2012_Costa_Rica_earthquak → 2013_Brazil_nightclub_fir,0.31351130268199234
2012_Costa_Rica_earthquak → 2013_Colorado_floods,0.3464715825307615
2012_Costa_Rica_earthquak → 2013_Glasgow_helicopter_c,0.23923245483878522
2012_Costa_Rica_earthquak → 2013_Lac_Megantic_train_c,0.41149135078811816
2012_Costa_Rica_earthquak → 2013_LA_airport_shootings,0.2632534822056113
2012_Costa_Rica_earthquak → 2013_Manila_floods,0.46307405396145424
2012_Costa_Rica_earthquak → 2013_NY_train_crash,0.14929478287379322
2012_Costa_Rica_earthquak → 2013_Queensland_floods,0.3259382505377625
2012_Costa_Rica_earthquak → 2013_Russia_meteor,0.36704607459226773
2012_Costa_Rica_earthquak → 2013_Sardinia_floods,0.5738037182221709
2012_Costa_Rica_earthquak → 2013_Savar_building_colla,0.3017725755945487
2012_Costa_Rica_earthquak → 2013_Singapore_haze,0.32125629989955223
2012_Costa_Rica_earthquak → 2013_Spain_train_crash,0.3503659995890305
2012_Costa_Rica_earthquak → 2013_Typhoon_Yolanda,0.5036427604997675
2012_Costa_Rica_earthquak → 2013_West_Texas_explosion,0.2943493344368709
2012_Guatemala_earthquake → 2012_Colorado_wildfires,0.3871963106931112
2012_Guatemala_earthquake → 2012_Costa_Rica_earthquak,0.5205743725417316
2012_Guatemala_earthquake → 2012_Italy_earthquakes,0.631170441742323
2012_Guatemala_earthquake → 2012_Philipinnes_floods,0.47744816307348226
2012_Guatemala_earthquake → 2012_Typhoon_Pablo,0.4706208667736758
2012_Guatemala_earthquake → 2012_Venezuela_refinery,0.6113682302615958
2012_Guatemala_earthquake → 2013_Alberta_floods,0.3660069933895277
2012_Guatemala_earthquake → 2013_Australia_bushfire,0.3554027908889237
2012_Guatemala_earthquake → 2013_Bohol_earthquake,0.5688891917724663
2012_Guatemala_earthquake → 2013_Boston_bombings,0.38687514109505855
2012_Guatemala_earthquake → 2013_Brazil_nightclub_fir,0.49650029574607274
2012_Guatemala_earthquake → 2013_Colorado_floods,0.38342360631845646
2012_Guatemala_earthquake → 2013_Glasgow_helicopter_c,0.443032580312711
2012_Guatemala_earthquake → 2013_Lac_Megantic_train_c,0.46723261840755514
2012_Guatemala_earthquake → 2013_LA_airport_shootings,0.3091904504795666
2012_Guatemala_earthquake → 2013_Manila_floods,0.45142344789953975
2012_Guatemala_earthquake → 2013_NY_train_crash,0.3743838910396095
2012_Guatemala_earthquake → 2013_Queensland_floods,0.32333074072810514
2012_Guatemala_earthquake → 2013_Russia_meteor,0.39742660348021736
2012_Guatemala_earthquake → 2013_Sardinia_floods,0.6250716636304872
2012_Guatemala_earthquake → 2013_Savar_building_colla,0.5096736998784408
2012_Guatemala_earthquake → 2013_Singapore_haze,0.2334230344580823
2012_Guatemala_earthquake → 2013_Spain_train_crash,0.4872257305008053
2012_Guatemala_earthquake → 2013_Typhoon_Yolanda,0.45340635821736536
2012_Guatemala_earthquake → 2013_West_Texas_explosion,0.3378052137350383
2012_Italy_earthquakes → 2012_Colorado_wildfires,0.38636660053174887
2012_Italy_earthquakes → 2012_Costa_Rica_earthquak,0.534748864032705
2012_Italy_earthquakes → 2012_Guatemala_earthquake,0.5896716372931327
2012_Italy_earthquakes → 2012_Philipinnes_floods,0.49854232645584884
2012_Italy_earthquakes → 2012_Typhoon_Pablo,0.4187351504177388
2012_Italy_earthquakes → 2012_Venezuela_refinery,0.558304761125594
2012_Italy_earthquakes → 2013_Alberta_floods,0.39806458577144604
2012_Italy_earthquakes → 2013_Australia_bushfire,0.37804194666234686
2012_Italy_earthquakes → 2013_Bohol_earthquake,0.5827102020981462
2012_Italy_earthquakes → 2013_Boston_bombings,0.3427968644552919
2012_Italy_earthquakes → 2013_Brazil_nightclub_fir,0.42183101798149014
2012_Italy_earthquakes → 2013_Colorado_floods,0.3540730147112002
2012_Italy_earthquakes → 2013_Glasgow_helicopter_c,0.2225878567893087
2012_Italy_earthquakes → 2013_Lac_Megantic_train_c,0.34877803351201414
2012_Italy_earthquakes → 2013_LA_airport_shootings,0.3067731297310866
2012_Italy_earthquakes → 2013_Manila_floods,0.47733015287867286
2012_Italy_earthquakes → 2013_NY_train_crash,0.305748367418762
2012_Italy_earthquakes → 2013_Queensland_floods,0.3026587431955113
2012_Italy_earthquakes → 2013_Russia_meteor,0.36924618890412025
2012_Italy_earthquakes → 2013_Sardinia_floods,0.6762571128315386
2012_Italy_earthquakes → 2013_Savar_building_colla,0.27370481668258057
2012_Italy_earthquakes → 2013_Singapore_haze,0.2763321967172461
2012_Italy_earthquakes → 2013_Spain_train_crash,0.4195738920714987
2012_Italy_earthquakes → 2013_Typhoon_Yolanda,0.5287856082662901
2012_Italy_earthquakes → 2013_West_Texas_explosion,0.3087622334668485
2012_Philipinnes_floods → 2012_Colorado_wildfires,0.38001225749249457
2012_Philipinnes_floods → 2012_Costa_Rica_earthquak,0.4543850512342812
2012_Philipinnes_floods → 2012_Guatemala_earthquake,0.48408611181097955
2012_Philipinnes_floods → 2012_Italy_earthquakes,0.5557444956477213
2012_Philipinnes_floods → 2012_Typhoon_Pablo,0.433686755632085
2012_Philipinnes_floods → 2012_Venezuela_refinery,0.46373188137804233
2012_Philipinnes_floods → 2013_Alberta_floods,0.40427631794574426
2012_Philipinnes_floods → 2013_Australia_bushfire,0.370544707147132
2012_Philipinnes_floods → 2013_Bohol_earthquake,0.41619884592951
2012_Philipinnes_floods → 2013_Boston_bombings,0.31155809966262926
2012_Philipinnes_floods → 2013_Brazil_nightclub_fir,0.29893076696297605
2012_Philipinnes_floods → 2013_Colorado_floods,0.3366776515151515
2012_Philipinnes_floods → 2013_Glasgow_helicopter_c,0.1963526414621781
2012_Philipinnes_floods → 2013_Lac_Megantic_train_c,0.3260836432561279
2012_Philipinnes_floods → 2013_LA_airport_shootings,0.2355293588590518
2012_Philipinnes_floods → 2013_Manila_floods,0.5014267814629042
2012_Philipinnes_floods → 2013_NY_train_crash,0.07990329518220453
2012_Philipinnes_floods → 2013_Queensland_floods,0.35164345320217794
2012_Philipinnes_floods → 2013_Russia_meteor,0.3407542252543127
2012_Philipinnes_floods → 2013_Sardinia_floods,0.6124594166116708
2012_Philipinnes_floods → 2013_Savar_building_colla,0.24276135278613084
2012_Philipinnes_floods → 2013_Singapore_haze,0.29256382191281594
2012_Philipinnes_floods → 2013_Spain_train_crash,0.2886170057818618
2012_Philipinnes_floods → 2013_Typhoon_Yolanda,0.5147128623635133
2012_Philipinnes_floods → 2013_West_Texas_explosion,0.23798788063250106
2012_Typhoon_Pablo → 2012_Colorado_wildfires,0.4281199180749739
2012_Typhoon_Pablo → 2012_Costa_Rica_earthquak,0.49713092763795913
2012_Typhoon_Pablo → 2012_Guatemala_earthquake,0.5712303415990052
2012_Typhoon_Pablo → 2012_Italy_earthquakes,0.5908110231443564
2012_Typhoon_Pablo → 2012_Philipinnes_floods,0.5384140236157869
2012_Typhoon_Pablo → 2012_Venezuela_refinery,0.5152974088772264
2012_Typhoon_Pablo → 2013_Alberta_floods,0.4416720432469472
2012_Typhoon_Pablo → 2013_Australia_bushfire,0.3836961578095254
2012_Typhoon_Pablo → 2013_Bohol_earthquake,0.6301842430059283
2012_Typhoon_Pablo → 2013_Boston_bombings,0.361684425069469
2012_Typhoon_Pablo → 2013_Brazil_nightclub_fir,0.4565992507439806
2012_Typhoon_Pablo → 2013_Colorado_floods,0.45089724644777945
2012_Typhoon_Pablo → 2013_Glasgow_helicopter_c,0.2939929108786169
2012_Typhoon_Pablo → 2013_Lac_Megantic_train_c,0.4576135359307029
2012_Typhoon_Pablo → 2013_LA_airport_shootings,0.30475016127622395
2012_Typhoon_Pablo → 2013_Manila_floods,0.5435669017051464
2012_Typhoon_Pablo → 2013_NY_train_crash,0.42251480562448307
2012_Typhoon_Pablo → 2013_Queensland_floods,0.3455812098708099
2012_Typhoon_Pablo → 2013_Russia_meteor,0.41621773114587934
2012_Typhoon_Pablo → 2013_Sardinia_floods,0.6063765617999195
2012_Typhoon_Pablo → 2013_Savar_building_colla,0.5058914848778753
2012_Typhoon_Pablo → 2013_Singapore_haze,0.2986940647643054
2012_Typhoon_Pablo → 2013_Spain_train_crash,0.43720946273246136
2012_Typhoon_Pablo → 2013_Typhoon_Yolanda,0.5845005514490179
2012_Typhoon_Pablo → 2013_West_Texas_explosion,0.3304391390409436
2012_Venezuela_refinery → 2012_Colorado_wildfires,0.37975342013427377
2012_Venezuela_refinery → 2012_Costa_Rica_earthquak,0.5041910742895694
2012_Venezuela_refinery → 2012_Guatemala_earthquake,0.6017198485894139
2012_Venezuela_refinery → 2012_Italy_earthquakes,0.6146308708016165
2012_Venezuela_refinery → 2012_Philipinnes_floods,0.4983480741588513
2012_Venezuela_refinery → 2012_Typhoon_Pablo,0.4267947052178082
2012_Venezuela_refinery → 2013_Alberta_floods,0.38583545637328664
2012_Venezuela_refinery → 2013_Australia_bushfire,0.35539283099248214
2012_Venezuela_refinery → 2013_Bohol_earthquake,0.5240629147063857
2012_Venezuela_refinery → 2013_Boston_bombings,0.39327825925551374
2012_Venezuela_refinery → 2013_Brazil_nightclub_fir,0.5962564299114108
2012_Venezuela_refinery → 2013_Colorado_floods,0.3887071134211891
2012_Venezuela_refinery → 2013_Glasgow_helicopter_c,0.4200511469486584
2012_Venezuela_refinery → 2013_Lac_Megantic_train_c,0.47332418217914396
2012_Venezuela_refinery → 2013_LA_airport_shootings,0.2867192585160641
2012_Venezuela_refinery → 2013_Manila_floods,0.4692546980990572
2012_Venezuela_refinery → 2013_NY_train_crash,0.3420162512681597
2012_Venezuela_refinery → 2013_Queensland_floods,0.327716871736277
2012_Venezuela_refinery → 2013_Russia_meteor,0.42211356742171563
2012_Venezuela_refinery → 2013_Sardinia_floods,0.6026860643763797
2012_Venezuela_refinery → 2013_Savar_building_colla,0.4749403288098801
2012_Venezuela_refinery → 2013_Singapore_haze,0.33631089176803086
2012_Venezuela_refinery → 2013_Spain_train_crash,0.49340299356307676
2012_Venezuela_refinery → 2013_Typhoon_Yolanda,0.47732535786180297
2012_Venezuela_refinery → 2013_West_Texas_explosion,0.3505518885342338
2013_Alberta_floods → 2012_Colorado_wildfires,0.4473330636100142
2013_Alberta_floods → 2012_Costa_Rica_earthquak,0.47645275838830287
2013_Alberta_floods → 2012_Guatemala_earthquake,0.510899631499433
2013_Alberta_floods → 2012_Italy_earthquakes,0.5734629563549117
2013_Alberta_floods → 2012_Philipinnes_floods,0.5645345021847512
2013_Alberta_floods → 2012_Typhoon_Pablo,0.4818852005891328
2013_Alberta_floods → 2012_Venezuela_refinery,0.4856897179253868
2013_Alberta_floods → 2013_Australia_bushfire,0.3931650322106664
2013_Alberta_floods → 2013_Bohol_earthquake,0.4370120670781202
2013_Alberta_floods → 2013_Boston_bombings,0.3590012068243175
2013_Alberta_floods → 2013_Brazil_nightclub_fir,0.33632024471257643
2013_Alberta_floods → 2013_Colorado_floods,0.4709046096719239
2013_Alberta_floods → 2013_Glasgow_helicopter_c,0.2275605833809293
2013_Alberta_floods → 2013_Lac_Megantic_train_c,0.41715533081427475
2013_Alberta_floods → 2013_LA_airport_shootings,0.29779875856883475
2013_Alberta_floods → 2013_Manila_floods,0.5150025444311587
2013_Alberta_floods → 2013_NY_train_crash,0.11148928533028624
2013_Alberta_floods → 2013_Queensland_floods,0.41280373204001336
2013_Alberta_floods → 2013_Russia_meteor,0.3823504908657128
2013_Alberta_floods → 2013_Sardinia_floods,0.595186690961218
2013_Alberta_floods → 2013_Savar_building_colla,0.2022255648307629
2013_Alberta_floods → 2013_Singapore_haze,0.31867791106277743
2013_Alberta_floods → 2013_Spain_train_crash,0.31210071345902124
2013_Alberta_floods → 2013_Typhoon_Yolanda,0.5237862614207603
2013_Alberta_floods → 2013_West_Texas_explosion,0.3139500200113054
2013_Australia_bushfire → 2012_Colorado_wildfires,0.4484505687675813
2013_Australia_bushfire → 2012_Costa_Rica_earthquak,0.4873166409788906
2013_Australia_bushfire → 2012_Guatemala_earthquake,0.49193077262617085
2013_Australia_bushfire → 2012_Italy_earthquakes,0.5402442563482466
2013_Australia_bushfire → 2012_Philipinnes_floods,0.5055718822023708
2013_Australia_bushfire → 2012_Typhoon_Pablo,0.4243179608916513
2013_Australia_bushfire → 2012_Venezuela_refinery,0.45639195304094676
2013_Australia_bushfire → 2013_Alberta_floods,0.4130137663001012
2013_Australia_bushfire → 2013_Bohol_earthquake,0.4183202269656104
2013_Australia_bushfire → 2013_Boston_bombings,0.33918088473662245
2013_Australia_bushfire → 2013_Brazil_nightclub_fir,0.5069695292190319
2013_Australia_bushfire → 2013_Colorado_floods,0.3627464079476749
2013_Australia_bushfire → 2013_Glasgow_helicopter_c,0.20822016043127012
2013_Australia_bushfire → 2013_Lac_Megantic_train_c,0.3587970117191893
2013_Australia_bushfire → 2013_LA_airport_shootings,0.2817220237843856
2013_Australia_bushfire → 2013_Manila_floods,0.4897790619765494
2013_Australia_bushfire → 2013_NY_train_crash,0.10339947875703602
2013_Australia_bushfire → 2013_Queensland_floods,0.3497231199047208
2013_Australia_bushfire → 2013_Russia_meteor,0.3626112483041098
2013_Australia_bushfire → 2013_Sardinia_floods,0.5511752577319587
2013_Australia_bushfire → 2013_Savar_building_colla,0.21012142318196034
2013_Australia_bushfire → 2013_Singapore_haze,0.34709465467141276
2013_Australia_bushfire → 2013_Spain_train_crash,0.3236714215648313
2013_Australia_bushfire → 2013_Typhoon_Yolanda,0.5147689218029358
2013_Australia_bushfire → 2013_West_Texas_explosion,0.294951883419498
2013_Bohol_earthquake → 2012_Colorado_wildfires,0.4188017022501172
2013_Bohol_earthquake → 2012_Costa_Rica_earthquak,0.5067520238707819
2013_Bohol_earthquake → 2012_Guatemala_earthquake,0.5651530977982591
2013_Bohol_earthquake → 2012_Italy_earthquakes,0.6205918297575441
2013_Bohol_earthquake → 2012_Philipinnes_floods,0.502420382872655
2013_Bohol_earthquake → 2012_Typhoon_Pablo,0.5483112470842377
2013_Bohol_earthquake → 2012_Venezuela_refinery,0.49481074330360547
2013_Bohol_earthquake → 2013_Alberta_floods,0.41861982528866953
2013_Bohol_earthquake → 2013_Australia_bushfire,0.38611853647264516
2013_Bohol_earthquake → 2013_Boston_bombings,0.3887659510809654
2013_Bohol_earthquake → 2013_Brazil_nightclub_fir,0.4741478888798047
2013_Bohol_earthquake → 2013_Colorado_floods,0.4335764893373573
2013_Bohol_earthquake → 2013_Glasgow_helicopter_c,0.4355971632439717
2013_Bohol_earthquake → 2013_Lac_Megantic_train_c,0.44720234722337365
2013_Bohol_earthquake → 2013_LA_airport_shootings,0.351051260138391
2013_Bohol_earthquake → 2013_Manila_floods,0.4894952963250671
2013_Bohol_earthquake → 2013_NY_train_crash,0.4492438700958655
2013_Bohol_earthquake → 2013_Queensland_floods,0.35234875894588696
2013_Bohol_earthquake → 2013_Russia_meteor,0.41165763944014716
2013_Bohol_earthquake → 2013_Sardinia_floods,0.5922552803467326
2013_Bohol_earthquake → 2013_Savar_building_colla,0.5459053587810618
2013_Bohol_earthquake → 2013_Singapore_haze,0.29158302012656495
2013_Bohol_earthquake → 2013_Spain_train_crash,0.4407973097521485
2013_Bohol_earthquake → 2013_Typhoon_Yolanda,0.570352407934583
2013_Bohol_earthquake → 2013_West_Texas_explosion,0.37655727145655626
2013_Boston_bombings → 2012_Colorado_wildfires,0.4511842947370597
2013_Boston_bombings → 2012_Costa_Rica_earthquak,0.4953274758012949
2013_Boston_bombings → 2012_Guatemala_earthquake,0.5495799993314139
2013_Boston_bombings → 2012_Italy_earthquakes,0.6004560531254692
2013_Boston_bombings → 2012_Philipinnes_floods,0.5270138510683158
2013_Boston_bombings → 2012_Typhoon_Pablo,0.475456034451408
2013_Boston_bombings → 2012_Venezuela_refinery,0.5050010160563118
2013_Boston_bombings → 2013_Alberta_floods,0.44835689743155965
2013_Boston_bombings → 2013_Australia_bushfire,0.40901528184299524
2013_Boston_bombings → 2013_Bohol_earthquake,0.5682845156369184
2013_Boston_bombings → 2013_Brazil_nightclub_fir,0.6008902715603809
2013_Boston_bombings → 2013_Colorado_floods,0.42212121298951555
2013_Boston_bombings → 2013_Glasgow_helicopter_c,0.4120174066765421
2013_Boston_bombings → 2013_Lac_Megantic_train_c,0.41527887796158236
2013_Boston_bombings → 2013_LA_airport_shootings,0.38215984492139243
2013_Boston_bombings → 2013_Manila_floods,0.48836784824601776
2013_Boston_bombings → 2013_NY_train_crash,0.3766731910317441
2013_Boston_bombings → 2013_Queensland_floods,0.3711533467957045
2013_Boston_bombings → 2013_Russia_meteor,0.42765735464423066
2013_Boston_bombings → 2013_Sardinia_floods,0.5990719038967539
2013_Boston_bombings → 2013_Savar_building_colla,0.35238387600869
2013_Boston_bombings → 2013_Singapore_haze,0.3113439543141223
2013_Boston_bombings → 2013_Spain_train_crash,0.4466380896834351
2013_Boston_bombings → 2013_Typhoon_Yolanda,0.5771860333272689
2013_Boston_bombings → 2013_West_Texas_explosion,0.46773289731666795
2013_Brazil_nightclub_fir → 2012_Colorado_wildfires,0.39546951997157576
2013_Brazil_nightclub_fir → 2012_Costa_Rica_earthquak,0.46397613844206803
2013_Brazil_nightclub_fir → 2012_Guatemala_earthquake,0.5544640135791516
2013_Brazil_nightclub_fir → 2012_Italy_earthquakes,0.573000057139592
2013_Brazil_nightclub_fir → 2012_Philipinnes_floods,0.49034988377755484
2013_Brazil_nightclub_fir → 2012_Typhoon_Pablo,0.4369565623177134
2013_Brazil_nightclub_fir → 2012_Venezuela_refinery,0.509532457921357
2013_Brazil_nightclub_fir → 2013_Alberta_floods,0.40323893144784584
2013_Brazil_nightclub_fir → 2013_Australia_bushfire,0.3676532767349933
2013_Brazil_nightclub_fir → 2013_Bohol_earthquake,0.5320002346035144
2013_Brazil_nightclub_fir → 2013_Boston_bombings,0.3928881435699355
2013_Brazil_nightclub_fir → 2013_Colorado_floods,0.3992236370213238
2013_Brazil_nightclub_fir → 2013_Glasgow_helicopter_c,0.4090130621482491
2013_Brazil_nightclub_fir → 2013_Lac_Megantic_train_c,0.4607501178652646
2013_Brazil_nightclub_fir → 2013_LA_airport_shootings,0.30251336099599146
2013_Brazil_nightclub_fir → 2013_Manila_floods,0.47722194414580243
2013_Brazil_nightclub_fir → 2013_NY_train_crash,0.37362579315603456
2013_Brazil_nightclub_fir → 2013_Queensland_floods,0.321663992105165
2013_Brazil_nightclub_fir → 2013_Russia_meteor,0.39015141896749556
2013_Brazil_nightclub_fir → 2013_Sardinia_floods,0.5868646126794458
2013_Brazil_nightclub_fir → 2013_Savar_building_colla,0.46590152409046215
2013_Brazil_nightclub_fir → 2013_Singapore_haze,0.2747936240141338
2013_Brazil_nightclub_fir → 2013_Spain_train_crash,0.46241808758403635
2013_Brazil_nightclub_fir → 2013_Typhoon_Yolanda,0.5282546061599684
2013_Brazil_nightclub_fir → 2013_West_Texas_explosion,0.33212289367157516
2013_Colorado_floods → 2012_Colorado_wildfires,0.45238653295871456
2013_Colorado_floods → 2012_Costa_Rica_earthquak,0.49191259665996206
2013_Colorado_floods → 2012_Guatemala_earthquake,0.5483888782040148
2013_Colorado_floods → 2012_Italy_earthquakes,0.5875136958130001
2013_Colorado_floods → 2012_Philipinnes_floods,0.5561086610788739
2013_Colorado_floods → 2012_Typhoon_Pablo,0.5351325079468265
2013_Colorado_floods → 2012_Venezuela_refinery,0.5527648489448674
2013_Colorado_floods → 2013_Alberta_floods,0.46738403495369435
2013_Colorado_floods → 2013_Australia_bushfire,0.3905375607390633
2013_Colorado_floods → 2013_Bohol_earthquake,0.5896365650092753
2013_Colorado_floods → 2013_Boston_bombings,0.36304735285481604
2013_Colorado_floods → 2013_Brazil_nightclub_fir,0.4687194832467282
2013_Colorado_floods → 2013_Glasgow_helicopter_c,0.30093139294656607
2013_Colorado_floods → 2013_Lac_Megantic_train_c,0.4932222494628293
2013_Colorado_floods → 2013_LA_airport_shootings,0.30199622341921367
2013_Colorado_floods → 2013_Manila_floods,0.5064262827811252
2013_Colorado_floods → 2013_NY_train_crash,0.36540936790760675
2013_Colorado_floods → 2013_Queensland_floods,0.39661916193221597
2013_Colorado_floods → 2013_Russia_meteor,0.4050557980217099
2013_Colorado_floods → 2013_Sardinia_floods,0.6012471621122784
2013_Colorado_floods → 2013_Savar_building_colla,0.47527898372174643
2013_Colorado_floods → 2013_Singapore_haze,0.29639864495718243
2013_Colorado_floods → 2013_Spain_train_crash,0.448008951493585
2013_Colorado_floods → 2013_Typhoon_Yolanda,0.575723962792541
2013_Colorado_floods → 2013_West_Texas_explosion,0.3505033242750893
2013_Glasgow_helicopter_c → 2012_Colorado_wildfires,0.45064372237705913
2013_Glasgow_helicopter_c → 2012_Costa_Rica_earthquak,0.49763185220575323
2013_Glasgow_helicopter_c → 2012_Guatemala_earthquake,0.5473329432549385
2013_Glasgow_helicopter_c → 2012_Italy_earthquakes,0.5530841150467497
2013_Glasgow_helicopter_c → 2012_Philipinnes_floods,0.5264415946893597
2013_Glasgow_helicopter_c → 2012_Typhoon_Pablo,0.5341814739740421
2013_Glasgow_helicopter_c → 2012_Venezuela_refinery,0.4907077755100528
2013_Glasgow_helicopter_c → 2013_Alberta_floods,0.4546222180669399
2013_Glasgow_helicopter_c → 2013_Australia_bushfire,0.3960446313926001
2013_Glasgow_helicopter_c → 2013_Bohol_earthquake,0.6114391913860825
2013_Glasgow_helicopter_c → 2013_Boston_bombings,0.4569041505448563
2013_Glasgow_helicopter_c → 2013_Brazil_nightclub_fir,0.621219492879417
2013_Glasgow_helicopter_c → 2013_Colorado_floods,0.47007792231008394
2013_Glasgow_helicopter_c → 2013_Lac_Megantic_train_c,0.47225386529430097
2013_Glasgow_helicopter_c → 2013_LA_airport_shootings,0.37392221431140754
2013_Glasgow_helicopter_c → 2013_Manila_floods,0.49995119441680413
2013_Glasgow_helicopter_c → 2013_NY_train_crash,0.5491161438090836
2013_Glasgow_helicopter_c → 2013_Queensland_floods,0.3927778607270164
2013_Glasgow_helicopter_c → 2013_Russia_meteor,0.47422002810722147
2013_Glasgow_helicopter_c → 2013_Sardinia_floods,0.5416734098499099
2013_Glasgow_helicopter_c → 2013_Savar_building_colla,0.5480153657195082
2013_Glasgow_helicopter_c → 2013_Singapore_haze,0.3456501539361169
2013_Glasgow_helicopter_c → 2013_Spain_train_crash,0.4965090562534707
2013_Glasgow_helicopter_c → 2013_Typhoon_Yolanda,0.5988158839502032
2013_Glasgow_helicopter_c → 2013_West_Texas_explosion,0.45330117633608963
2013_Lac_Megantic_train_c → 2012_Colorado_wildfires,0.4200742288092506
2013_Lac_Megantic_train_c → 2012_Costa_Rica_earthquak,0.4905581352888324
2013_Lac_Megantic_train_c → 2012_Guatemala_earthquake,0.5566269329048233
2013_Lac_Megantic_train_c → 2012_Italy_earthquakes,0.5891209487833793
2013_Lac_Megantic_train_c → 2012_Philipinnes_floods,0.52883969867495
2013_Lac_Megantic_train_c → 2012_Typhoon_Pablo,0.48412071524220884
2013_Lac_Megantic_train_c → 2012_Venezuela_refinery,0.5185900537634409
2013_Lac_Megantic_train_c → 2013_Alberta_floods,0.4484000761203516
2013_Lac_Megantic_train_c → 2013_Australia_bushfire,0.3840913956667345
2013_Lac_Megantic_train_c → 2013_Bohol_earthquake,0.5715941685747542
2013_Lac_Megantic_train_c → 2013_Boston_bombings,0.38315052943418726
2013_Lac_Megantic_train_c → 2013_Brazil_nightclub_fir,0.6017101874708339
2013_Lac_Megantic_train_c → 2013_Colorado_floods,0.45490658543768686
2013_Lac_Megantic_train_c → 2013_Glasgow_helicopter_c,0.4546940975040791
2013_Lac_Megantic_train_c → 2013_LA_airport_shootings,0.3482783555319799
2013_Lac_Megantic_train_c → 2013_Manila_floods,0.4704403195436586
2013_Lac_Megantic_train_c → 2013_NY_train_crash,0.532435372817024
2013_Lac_Megantic_train_c → 2013_Queensland_floods,0.3312197575689081
2013_Lac_Megantic_train_c → 2013_Russia_meteor,0.43741351608037377
2013_Lac_Megantic_train_c → 2013_Sardinia_floods,0.60270732648615
2013_Lac_Megantic_train_c → 2013_Savar_building_colla,0.5503509319317673
2013_Lac_Megantic_train_c → 2013_Singapore_haze,0.30363099442482805
2013_Lac_Megantic_train_c → 2013_Spain_train_crash,0.4977072051216514
2013_Lac_Megantic_train_c → 2013_Typhoon_Yolanda,0.5463384534436263
2013_Lac_Megantic_train_c → 2013_West_Texas_explosion,0.38332387668538664
2013_LA_airport_shootings → 2012_Colorado_wildfires,0.40996705642361814
2013_LA_airport_shootings → 2012_Costa_Rica_earthquak,0.488884208255744
2013_LA_airport_shootings → 2012_Guatemala_earthquake,0.5678502762730072
2013_LA_airport_shootings → 2012_Italy_earthquakes,0.6097615586334161
2013_LA_airport_shootings → 2012_Philipinnes_floods,0.5095992053596532
2013_LA_airport_shootings → 2012_Typhoon_Pablo,0.4699035378198394
2013_LA_airport_shootings → 2012_Venezuela_refinery,0.49888307384976377
2013_LA_airport_shootings → 2013_Alberta_floods,0.4241260234632485
2013_LA_airport_shootings → 2013_Australia_bushfire,0.3975780403348613
2013_LA_airport_shootings → 2013_Bohol_earthquake,0.5338201007222835
2013_LA_airport_shootings → 2013_Boston_bombings,0.40551517368362355
2013_LA_airport_shootings → 2013_Brazil_nightclub_fir,0.40674580130280036
2013_LA_airport_shootings → 2013_Colorado_floods,0.41103782270201256
2013_LA_airport_shootings → 2013_Glasgow_helicopter_c,0.3502030027616512
2013_LA_airport_shootings → 2013_Lac_Megantic_train_c,0.39322866936629725
2013_LA_airport_shootings → 2013_Manila_floods,0.49526356600405175
2013_LA_airport_shootings → 2013_NY_train_crash,0.3171588342419432
2013_LA_airport_shootings → 2013_Queensland_floods,0.3614021941960415
2013_LA_airport_shootings → 2013_Russia_meteor,0.42881947702790757
2013_LA_airport_shootings → 2013_Sardinia_floods,0.5980192529320045
2013_LA_airport_shootings → 2013_Savar_building_colla,0.3456700465360175
2013_LA_airport_shootings → 2013_Singapore_haze,0.3356814529105408
2013_LA_airport_shootings → 2013_Spain_train_crash,0.41996764084837684
2013_LA_airport_shootings → 2013_Typhoon_Yolanda,0.562835038615039
2013_LA_airport_shootings → 2013_West_Texas_explosion,0.39113878841141125
2013_Manila_floods → 2012_Colorado_wildfires,0.38443562702134876
2013_Manila_floods → 2012_Costa_Rica_earthquak,0.45286511590063616
2013_Manila_floods → 2012_Guatemala_earthquake,0.4785188512861469
2013_Manila_floods → 2012_Italy_earthquakes,0.5400762711864406
2013_Manila_floods → 2012_Philipinnes_floods,0.5402558703845431
2013_Manila_floods → 2012_Typhoon_Pablo,0.43349152033102134
2013_Manila_floods → 2012_Venezuela_refinery,0.44812531328320804
2013_Manila_floods → 2013_Alberta_floods,0.40449245064059475
2013_Manila_floods → 2013_Australia_bushfire,0.3706947365771964
2013_Manila_floods → 2013_Bohol_earthquake,0.4345487942554394
2013_Manila_floods → 2013_Boston_bombings,0.3184018970420543
2013_Manila_floods → 2013_Brazil_nightclub_fir,0.2819504636299863
2013_Manila_floods → 2013_Colorado_floods,0.33828304907333295
2013_Manila_floods → 2013_Glasgow_helicopter_c,0.16235408835239784
2013_Manila_floods → 2013_Lac_Megantic_train_c,0.31917535824830906
2013_Manila_floods → 2013_LA_airport_shootings,0.24035221961459088
2013_Manila_floods → 2013_NY_train_crash,0.08548527477554756
2013_Manila_floods → 2013_Queensland_floods,0.34879338391190867
2013_Manila_floods → 2013_Russia_meteor,0.35296469904592376
2013_Manila_floods → 2013_Sardinia_floods,0.5756534222163555
2013_Manila_floods → 2013_Savar_building_colla,0.20101367819745278
2013_Manila_floods → 2013_Singapore_haze,0.291634489297847
2013_Manila_floods → 2013_Spain_train_crash,0.27582473440930333
2013_Manila_floods → 2013_Typhoon_Yolanda,0.5202768287075173
2013_Manila_floods → 2013_West_Texas_explosion,0.24495237424887378
2013_NY_train_crash → 2012_Colorado_wildfires,0.42498941978965304
2013_NY_train_crash → 2012_Costa_Rica_earthquak,0.2937726280851798
2013_NY_train_crash → 2012_Guatemala_earthquake,0.25727173136626674
2013_NY_train_crash → 2012_Italy_earthquakes,0.31924558354745125
2013_NY_train_crash → 2012_Philipinnes_floods,0.47385399907356657
2013_NY_train_crash → 2012_Typhoon_Pablo,0.4442301343238799
2013_NY_train_crash → 2012_Venezuela_refinery,0.22513322059376176
2013_NY_train_crash → 2013_Alberta_floods,0.44022974469799997
2013_NY_train_crash → 2013_Australia_bushfire,0.37811228241136385
2013_NY_train_crash → 2013_Bohol_earthquake,0.5179980998744218
2013_NY_train_crash → 2013_Boston_bombings,0.39712373312401944
2013_NY_train_crash → 2013_Brazil_nightclub_fir,0.3222001596994328
2013_NY_train_crash → 2013_Colorado_floods,0.4347996027453501
2013_NY_train_crash → 2013_Glasgow_helicopter_c,0.4430509859102165
2013_NY_train_crash → 2013_Lac_Megantic_train_c,0.3266037527514099
2013_NY_train_crash → 2013_LA_airport_shootings,0.3625358685110835
2013_NY_train_crash → 2013_Manila_floods,0.4639947605362275
2013_NY_train_crash → 2013_Queensland_floods,0.37352724864996906
2013_NY_train_crash → 2013_Russia_meteor,0.35096080088194337
2013_NY_train_crash → 2013_Sardinia_floods,0.2727192342423695
2013_NY_train_crash → 2013_Savar_building_colla,0.49116384102306554
2013_NY_train_crash → 2013_Singapore_haze,0.3005293280424386
2013_NY_train_crash → 2013_Spain_train_crash,0.256552782876941
2013_NY_train_crash → 2013_Typhoon_Yolanda,0.5395971678936746
2013_NY_train_crash → 2013_West_Texas_explosion,0.4457882682543993
2013_Queensland_floods → 2012_Colorado_wildfires,0.48063947185170414
2013_Queensland_floods → 2012_Costa_Rica_earthquak,0.5499953086031153
2013_Queensland_floods → 2012_Guatemala_earthquake,0.5441559286403624
2013_Queensland_floods → 2012_Italy_earthquakes,0.5873021797545291
2013_Queensland_floods → 2012_Philipinnes_floods,0.5929779123101108
2013_Queensland_floods → 2012_Typhoon_Pablo,0.5530462097440316
2013_Queensland_floods → 2012_Venezuela_refinery,0.4960788352499355
2013_Queensland_floods → 2013_Alberta_floods,0.47896316045801346
2013_Queensland_floods → 2013_Australia_bushfire,0.4099581468452392
2013_Queensland_floods → 2013_Bohol_earthquake,0.5839463394448688
2013_Queensland_floods → 2013_Boston_bombings,0.3969467158308789
2013_Queensland_floods → 2013_Brazil_nightclub_fir,0.3652487251377449
2013_Queensland_floods → 2013_Colorado_floods,0.5040754803291179
2013_Queensland_floods → 2013_Glasgow_helicopter_c,0.28314726088268133
2013_Queensland_floods → 2013_Lac_Megantic_train_c,0.4572912628167231
2013_Queensland_floods → 2013_LA_airport_shootings,0.33828568077981197
2013_Queensland_floods → 2013_Manila_floods,0.5496124197699513
2013_Queensland_floods → 2013_NY_train_crash,0.2533821943734247
2013_Queensland_floods → 2013_Russia_meteor,0.4539644741339221
2013_Queensland_floods → 2013_Sardinia_floods,0.5999630854632476
2013_Queensland_floods → 2013_Savar_building_colla,0.41497050717600875
2013_Queensland_floods → 2013_Singapore_haze,0.38916088987013087
2013_Queensland_floods → 2013_Spain_train_crash,0.3693281827439379
2013_Queensland_floods → 2013_Typhoon_Yolanda,0.5578320734678573
2013_Queensland_floods → 2013_West_Texas_explosion,0.3893780195088779
2013_Russia_meteor → 2012_Colorado_wildfires,0.45023271016538285
2013_Russia_meteor → 2012_Costa_Rica_earthquak,0.49790654081846675
2013_Russia_meteor → 2012_Guatemala_earthquake,0.5434344009414939
2013_Russia_meteor → 2012_Italy_earthquakes,0.5947159039623731
2013_Russia_meteor → 2012_Philipinnes_floods,0.5160482288853833
2013_Russia_meteor → 2012_Typhoon_Pablo,0.48217223351941796
2013_Russia_meteor → 2012_Venezuela_refinery,0.5032406304004323
2013_Russia_meteor → 2013_Alberta_floods,0.4437614911175595
2013_Russia_meteor → 2013_Australia_bushfire,0.4228064021069457
2013_Russia_meteor → 2013_Bohol_earthquake,0.5188223125825402
2013_Russia_meteor → 2013_Boston_bombings,0.41275237314677427
2013_Russia_meteor → 2013_Brazil_nightclub_fir,0.47645002608007175
2013_Russia_meteor → 2013_Colorado_floods,0.4158580197054779
2013_Russia_meteor → 2013_Glasgow_helicopter_c,0.305465615240482
2013_Russia_meteor → 2013_Lac_Megantic_train_c,0.40998911888240563
2013_Russia_meteor → 2013_LA_airport_shootings,0.3633662427670326
2013_Russia_meteor → 2013_Manila_floods,0.5158581237921933
2013_Russia_meteor → 2013_NY_train_crash,0.41385685849518145
2013_Russia_meteor → 2013_Queensland_floods,0.4094490028424535
2013_Russia_meteor → 2013_Sardinia_floods,0.5827312883435583
2013_Russia_meteor → 2013_Savar_building_colla,0.34218199717370373
2013_Russia_meteor → 2013_Singapore_haze,0.4100269284092243
2013_Russia_meteor → 2013_Spain_train_crash,0.41094726641996643
2013_Russia_meteor → 2013_Typhoon_Yolanda,0.5411218202769476
2013_Russia_meteor → 2013_West_Texas_explosion,0.4313511519740344
2013_Sardinia_floods → 2012_Colorado_wildfires,0.3810751915708812
2013_Sardinia_floods → 2012_Costa_Rica_earthquak,0.4519737091453924
2013_Sardinia_floods → 2012_Guatemala_earthquake,0.5269984594018541
2013_Sardinia_floods → 2012_Italy_earthquakes,0.660131617840663
2013_Sardinia_floods → 2012_Philipinnes_floods,0.5264071525111264
2013_Sardinia_floods → 2012_Typhoon_Pablo,0.4083703978083883
2013_Sardinia_floods → 2012_Venezuela_refinery,0.46668475832897677
2013_Sardinia_floods → 2013_Alberta_floods,0.41369075543159356
2013_Sardinia_floods → 2013_Australia_bushfire,0.347812589836522
2013_Sardinia_floods → 2013_Bohol_earthquake,0.4617351959823784
2013_Sardinia_floods → 2013_Boston_bombings,0.3497879693727711
2013_Sardinia_floods → 2013_Brazil_nightclub_fir,0.3735536323105166
2013_Sardinia_floods → 2013_Colorado_floods,0.38474816815286617
2013_Sardinia_floods → 2013_Glasgow_helicopter_c,0.2742799201699608
2013_Sardinia_floods → 2013_Lac_Megantic_train_c,0.3884410588904273
2013_Sardinia_floods → 2013_LA_airport_shootings,0.2612345791361568
2013_Sardinia_floods → 2013_Manila_floods,0.4690381916329284
2013_Sardinia_floods → 2013_NY_train_crash,0.2309671850169966
2013_Sardinia_floods → 2013_Queensland_floods,0.325295218103348
2013_Sardinia_floods → 2013_Russia_meteor,0.3638741793769517
2013_Sardinia_floods → 2013_Savar_building_colla,0.2629619611522863
2013_Sardinia_floods → 2013_Singapore_haze,0.2750795317503223
2013_Sardinia_floods → 2013_Spain_train_crash,0.3842655781102021
2013_Sardinia_floods → 2013_Typhoon_Yolanda,0.5236039101017674
2013_Sardinia_floods → 2013_West_Texas_explosion,0.2706944023401144
2013_Savar_building_colla → 2012_Colorado_wildfires,0.4538885530538225
2013_Savar_building_colla → 2012_Costa_Rica_earthquak,0.4968890683243794
2013_Savar_building_colla → 2012_Guatemala_earthquake,0.5827271334956262
2013_Savar_building_colla → 2012_Italy_earthquakes,0.6388124140677384
2013_Savar_building_colla → 2012_Philipinnes_floods,0.5181846202801491
2013_Savar_building_colla → 2012_Typhoon_Pablo,0.5221751334271016
2013_Savar_building_colla → 2012_Venezuela_refinery,0.5413079579089356
2013_Savar_building_colla → 2013_Alberta_floods,0.4587477495034892
2013_Savar_building_colla → 2013_Australia_bushfire,0.41611726537863836
2013_Savar_building_colla → 2013_Bohol_earthquake,0.5947680314451391
2013_Savar_building_colla → 2013_Boston_bombings,0.4078510026232715
2013_Savar_building_colla → 2013_Brazil_nightclub_fir,0.5350777319140549
2013_Savar_building_colla → 2013_Colorado_floods,0.4500531623760486
2013_Savar_building_colla → 2013_Glasgow_helicopter_c,0.43939101082667187
2013_Savar_building_colla → 2013_Lac_Megantic_train_c,0.4843827105338537
2013_Savar_building_colla → 2013_LA_airport_shootings,0.3938611057757283
2013_Savar_building_colla → 2013_Manila_floods,0.5032782676786773
2013_Savar_building_colla → 2013_NY_train_crash,0.48897610369206596
2013_Savar_building_colla → 2013_Queensland_floods,0.3775726335734747
2013_Savar_building_colla → 2013_Russia_meteor,0.46697273016678376
2013_Savar_building_colla → 2013_Sardinia_floods,0.6478324725038016
2013_Savar_building_colla → 2013_Singapore_haze,0.3351370886713355
2013_Savar_building_colla → 2013_Spain_train_crash,0.4859988327675426
2013_Savar_building_colla → 2013_Typhoon_Yolanda,0.5711306179958265
2013_Savar_building_colla → 2013_West_Texas_explosion,0.4221498573455103
2013_Singapore_haze → 2012_Colorado_wildfires,0.4189123585490113
2013_Singapore_haze → 2012_Costa_Rica_earthquak,0.47961498853108675
2013_Singapore_haze → 2012_Guatemala_earthquake,0.5004206949755421
2013_Singapore_haze → 2012_Italy_earthquakes,0.5595376540480934
2013_Singapore_haze → 2012_Philipinnes_floods,0.5385559339463888
2013_Singapore_haze → 2012_Typhoon_Pablo,0.4171215478317325
2013_Singapore_haze → 2012_Venezuela_refinery,0.4745274096442568
2013_Singapore_haze → 2013_Alberta_floods,0.4451290869302205
2013_Singapore_haze → 2013_Australia_bushfire,0.4287836870148753
2013_Singapore_haze → 2013_Bohol_earthquake,0.4369817444341651
2013_Singapore_haze → 2013_Boston_bombings,0.3654067190777623
2013_Singapore_haze → 2013_Brazil_nightclub_fir,0.3436492659248315
2013_Singapore_haze → 2013_Colorado_floods,0.36996573523730275
2013_Singapore_haze → 2013_Glasgow_helicopter_c,0.2355252191262994
2013_Singapore_haze → 2013_Lac_Megantic_train_c,0.33117083507505346
2013_Singapore_haze → 2013_LA_airport_shootings,0.26670386698563114
2013_Singapore_haze → 2013_Manila_floods,0.5285338917495735
2013_Singapore_haze → 2013_NY_train_crash,0.11230279369783586
2013_Singapore_haze → 2013_Queensland_floods,0.3808422090803685
2013_Singapore_haze → 2013_Russia_meteor,0.44569414797155027
2013_Singapore_haze → 2013_Sardinia_floods,0.546148410721403
2013_Singapore_haze → 2013_Savar_building_colla,0.2143298361863834
2013_Singapore_haze → 2013_Spain_train_crash,0.30617623249375053
2013_Singapore_haze → 2013_Typhoon_Yolanda,0.5247763726332514
2013_Singapore_haze → 2013_West_Texas_explosion,0.3276695648814695
2013_Spain_train_crash → 2012_Colorado_wildfires,0.2967750041333516
2013_Spain_train_crash → 2012_Costa_Rica_earthquak,0.47024897018743467
2013_Spain_train_crash → 2012_Guatemala_earthquake,0.6046322679229299
2013_Spain_train_crash → 2012_Italy_earthquakes,0.5726138561228098
2013_Spain_train_crash → 2012_Philipinnes_floods,0.42463573069658256
2013_Spain_train_crash → 2012_Typhoon_Pablo,0.3852548090976306
2013_Spain_train_crash → 2012_Venezuela_refinery,0.6024170095277394
2013_Spain_train_crash → 2013_Alberta_floods,0.30562902957960686
2013_Spain_train_crash → 2013_Australia_bushfire,0.24653121606152878
2013_Spain_train_crash → 2013_Bohol_earthquake,0.5629684128377719
2013_Spain_train_crash → 2013_Boston_bombings,0.3733896699667097
2013_Spain_train_crash → 2013_Brazil_nightclub_fir,0.6019081116059533
2013_Spain_train_crash → 2013_Colorado_floods,0.3487239848704966
2013_Spain_train_crash → 2013_Glasgow_helicopter_c,0.3960361947078323
2013_Spain_train_crash → 2013_Lac_Megantic_train_c,0.48759562187457717
2013_Spain_train_crash → 2013_LA_airport_shootings,0.26028838240050206
2013_Spain_train_crash → 2013_Manila_floods,0.3700913124171454
2013_Spain_train_crash → 2013_NY_train_crash,0.4511375815459597
2013_Spain_train_crash → 2013_Queensland_floods,0.25212963737428135
2013_Spain_train_crash → 2013_Russia_meteor,0.37579246133784705
2013_Spain_train_crash → 2013_Sardinia_floods,0.5639932420572404
2013_Spain_train_crash → 2013_Savar_building_colla,0.49210499747162073
2013_Spain_train_crash → 2013_Singapore_haze,0.18776535406188086
2013_Spain_train_crash → 2013_Typhoon_Yolanda,0.3772468131920247
2013_Spain_train_crash → 2013_West_Texas_explosion,0.32995219549180627
2013_Typhoon_Yolanda → 2012_Colorado_wildfires,0.3850569494117208
2013_Typhoon_Yolanda → 2012_Costa_Rica_earthquak,0.46227398635735784
2013_Typhoon_Yolanda → 2012_Guatemala_earthquake,0.5250529297954671
2013_Typhoon_Yolanda → 2012_Italy_earthquakes,0.5670903361344538
2013_Typhoon_Yolanda → 2012_Philipinnes_floods,0.5219389196411529
2013_Typhoon_Yolanda → 2012_Typhoon_Pablo,0.512618035216113
2013_Typhoon_Yolanda → 2012_Venezuela_refinery,0.46064087661496317
2013_Typhoon_Yolanda → 2013_Alberta_floods,0.4021731692884438
2013_Typhoon_Yolanda → 2013_Australia_bushfire,0.376257764179711
2013_Typhoon_Yolanda → 2013_Bohol_earthquake,0.544053566488752
2013_Typhoon_Yolanda → 2013_Boston_bombings,0.3389438269836087
2013_Typhoon_Yolanda → 2013_Brazil_nightclub_fir,0.36970057347670243
2013_Typhoon_Yolanda → 2013_Colorado_floods,0.35121320358518904
2013_Typhoon_Yolanda → 2013_Glasgow_helicopter_c,0.31690185038976565
2013_Typhoon_Yolanda → 2013_Lac_Megantic_train_c,0.38886528137478593
2013_Typhoon_Yolanda → 2013_LA_airport_shootings,0.26543464179807186
2013_Typhoon_Yolanda → 2013_Manila_floods,0.5141542487684728
2013_Typhoon_Yolanda → 2013_NY_train_crash,0.25544509197304366
2013_Typhoon_Yolanda → 2013_Queensland_floods,0.2947945762060385
2013_Typhoon_Yolanda → 2013_Russia_meteor,0.381956600147395
2013_Typhoon_Yolanda → 2013_Sardinia_floods,0.607288472145615
2013_Typhoon_Yolanda → 2013_Savar_building_colla,0.4420434454339016
2013_Typhoon_Yolanda → 2013_Singapore_haze,0.2913840131219375
2013_Typhoon_Yolanda → 2013_Spain_train_crash,0.39060227764667743
2013_Typhoon_Yolanda → 2013_West_Texas_explosion,0.3047188409761262
2013_West_Texas_explosion → 2012_Colorado_wildfires,0.4552692271588358
2013_West_Texas_explosion → 2012_Costa_Rica_earthquak,0.46661987212988426
2013_West_Texas_explosion → 2012_Guatemala_earthquake,0.5155959786861634
2013_West_Texas_explosion → 2012_Italy_earthquakes,0.6172574446315086
2013_West_Texas_explosion → 2012_Philipinnes_floods,0.5635523663057457
2013_West_Texas_explosion → 2012_Typhoon_Pablo,0.5353055558204429
2013_West_Texas_explosion → 2012_Venezuela_refinery,0.5506591985787604
2013_West_Texas_explosion → 2013_Alberta_floods,0.46494688908829074
2013_West_Texas_explosion → 2013_Australia_bushfire,0.42493630520074316
2013_West_Texas_explosion → 2013_Bohol_earthquake,0.5989583960950506
2013_West_Texas_explosion → 2013_Boston_bombings,0.4432365486176882
2013_West_Texas_explosion → 2013_Brazil_nightclub_fir,0.513507660384376
2013_West_Texas_explosion → 2013_Colorado_floods,0.47092320916900265
2013_West_Texas_explosion → 2013_Glasgow_helicopter_c,0.4405825132822868
2013_West_Texas_explosion → 2013_Lac_Megantic_train_c,0.49718273429239596
2013_West_Texas_explosion → 2013_LA_airport_shootings,0.442535624239212
2013_West_Texas_explosion → 2013_Manila_floods,0.5125602195413391
2013_West_Texas_explosion → 2013_NY_train_crash,0.507183464863125
2013_West_Texas_explosion → 2013_Queensland_floods,0.3908259420633202
2013_West_Texas_explosion → 2013_Russia_meteor,0.5174907648788251
2013_West_Texas_explosion → 2013_Sardinia_floods,0.6219324176335932
2013_West_Texas_explosion → 2013_Savar_building_colla,0.5697393413562873
2013_West_Texas_explosion → 2013_Singapore_haze,0.3347235159406728
2013_West_Texas_explosion → 2013_Spain_train_crash,0.47454265438384075
2013_West_Texas_explosion → 2013_Typhoon_Yolanda,0.6005044986094656
