topic,Count,Name,Representation,Representative_Docs,dominant_emotion
-1,6570,-1_the_is_to_rt,"['the', 'is', 'to', 'rt', 'of', 'for', 'and', 'in', 'by', 'helicopter']","['my heart goes out to everyone who have been affected by the floods... we are a strong region &amp; we will be fine!!!', 'rt : so heartbreaking, my thoughts are with all involved in the clutha pub helicopter crash, stay strong people of glasgow .', 'rt : our hearts go out to all those affected by the queensland floods. stay safe everyone. qld']",trust
0,1169,0_sardegna_di_per_il,"['sardegna', 'di', 'per', 'il', 'terremoto', 'alluvione', 'che', 'non', 'allertameteosar', 'le']","['rt : alluvione sardegna: tutti i numeri utili per segnalare le emergenze ( allertameteosar, sardegna, forzasardegna)-', 'sardegna', 'rt : sardegna']",trust
1,1072,1_nswfires_fires_australia_nsw,"['nswfires', 'fires', 'australia', 'nsw', 'sydney', 'bush', 'fire', 'nswrfs', 'bushfires', 'bushfire']","[""if you're in nsw and are near the fires please stay safe! you all are in my prayers!"", 'thoughts are with those around the fires. stay safe. nswfires', 'australia fires']",trust
2,949,2_lax_shooting_airport_tsa,"['lax', 'shooting', 'airport', 'tsa', 'suspect', 'angeles', 'shooter', 'laxshooting', 'agent', 'terminal']","['rt : tsa agent killed in los angeles airport shooting - , ,', 'shooting at lax terminal . lax shooting', 'the was a shooting in the lax airport']",trust
3,938,3_bangladesh_collapse_building_factory,"['bangladesh', 'collapse', 'building', 'factory', 'toll', 'death', 'garment', 'savar', 'dhaka', 'passes']","['bangladesh factory collapse death toll hits , : the death toll from a garment factory building that collapsed...', 'breaking news: death toll in bangladesh building collapse at', 'bangladesh building collapse']",sadness
4,840,4_meteor_russia_russianmeteor_russian,"['meteor', 'russia', 'russianmeteor', 'russian', 'asteroid', 'injures', 'strike', 'shower', 'meteorite', 'earth']","['meteor hits russia: via', 'russian meteor', 'a meteor hit russia?!?!?!']",trust
5,687,5_haze_singapore_sghaze_psi,"['haze', 'singapore', 'sghaze', 'psi', 'pm', 'indonesia', 'update', 'reading', 'siao', 'complain']","['rt : sghaze update: psi is at pm', 'rt : sghaze psi is at pm.', 'rt : sghaze psi is at pm.']",trust
6,645,6_typhoon_haiyan_philippines_manila,"['typhoon', 'haiyan', 'philippines', 'manila', 'prayforvisayas', 'super', 'pray', 'earthquake', 'visayas', 'bohol']","['typhoon haiyan via', 'at least , people dead philippines typhoon haiyan', 'rt : our thoughts &amp; prayers are with the people of the philippines... super typhoon haiyan']",trust
7,619,7_helicopter_glasgow_crash_pub,"['helicopter', 'glasgow', 'crash', 'pub', 'clutha', 'afghanistan', 'into', 'crashes', 'soldiers', 'rip']","['police helicopter has crashed into pub in glasgow', 'helicopter crashes into pub in glasgow', 'rt : helicopter crashes into pub in glasgow']",sadness
8,592,8_york_train_nyc_derailment,"['york', 'train', 'nyc', 'derailment', 'north', 'metro', 'new', 'derailed', 'mph', 'injured']","['rt : breaking: a metro-north passenger train has derailed in new york city.', 'rt : breaking: a metro-north passenger train has derailed in new york city.', 'rt : dead in nyc metro-north train derailment, injured:']",sadness
9,547,9_colorado_wildfire_wildfires_springs,"['colorado', 'wildfire', 'wildfires', 'springs', 'fire', 'fires', 'waldo', 'flagstafffire', 'homes', 'canyon']","['rt : colorado is on fire.', 'colorado wildfires', 'colorado springs on fire.']",trust
10,537,10_quebec_lac_megantic_oil,"['quebec', 'lac', 'megantic', 'oil', 'lacmegantic', 'train', 'canada', 'mégantic', 'missing', 'town']","['rt : canada explosion: oil train derails in quebec', 'rt : news by yahoo police: quebec train crash death toll now at : lac-megantic, quebec (ap) — canadian officials ...', 'death toll in quebec oil train derailment now']",sadness
11,483,11_rica_costa_costarica_amuay,"['rica', 'costa', 'costarica', 'amuay', 'en', 'el', 'es', 'terremoto', 'que', 'de']","['d: terremoto en costa rica', 'terremoto en costa rica de ,', 'rt : terremoto de . en costa rica']",trust
12,475,12_mégantic_pour_les_lac,"['mégantic', 'pour', 'les', 'lac', 'lacmégantic', 'lacmegantic', 'et', 'du', 'des', 'le']","['rt : ce matin, je voudrais que chacun de vous ayez une pensée pour les gens de lac mégantic pour les aider à passer à... http…', 'rt : rt : seule la croix-rouge du québec est autorisée à amasser des dons pour les sinistrés de lacmegantic rces', 'rt : support aux gens du lac mégantic lacmégantic']",trust
13,454,13_costa_rica_tsunami_alerta,"['costa', 'rica', 'tsunami', 'alerta', 'quake', 'magnitude', 'earthquake', 'chile', 'powerful', 'coast']","['earthquake of . hits costa rica. tsunami warning', 'rt : earthquake of . hits costa rica. tsunami warning', 'alerta de tsunami en todo la costa de costa rica terremoto .']",trust
14,429,14_texas_fertilizer_plant_explosion,"['texas', 'fertilizer', 'plant', 'explosion', 'west', 'waco', 'tx', 'blast', 'near', 'camera']","['rt : wow! video of the explosion: fertilizer plant explosion near waco, texas', 'explosion at a texas plant :-(', 'explosion hits fertilizer plant north of waco, texas']",sadness
15,418,15_guatemala_sismo_muertos_por,"['guatemala', 'sismo', 'muertos', 'por', 'en', 'el', 'terremoto', 'grados', 'de', 'fuerte']","['muertos en guatemala tras sismo de . .', 'guatemala', 'muertos por sismo en en guatemala']",trust
16,382,16_bigwet_queensland_australia_brisbane,"['bigwet', 'queensland', 'australia', 'brisbane', 'floods', 'qld', 'flood', 'flooding', 'qldfloods', 'water']","['flood brisbane bigwet', 'rt : floods hit queensland, australia', 'rt : for queensland. bigwet']",trust
17,380,17_boston_marathon_bombing_suspect,"['boston', 'marathon', 'bombing', 'suspect', 'bomb', 'bostonmarathon', 'attack', 'suspects', 'finish', 'explosions']","['rt : live video: explosion at boston marathon', 'rt : boston marathon suspect in custody, boston police say.', 'rt : boston police: at least people killed in boston marathon bombing bostonmarathon']",trust
18,370,18_brazil_nightclub_fire_such,"['brazil', 'nightclub', 'fire', 'such', 'hear', 'tragedy', 'sad', 'down', 'praying', 'about']","['rt : so sad to hear about the nightclub fire in brazil. such a tragedy. praying for everyone affected down there.', 'rt : so sad to hear about the nightclub fire in brazil. such a tragedy. praying for everyone affected down there.', 'rt : so sad to hear about the nightclub fire in brazil. such a tragedy. praying for everyone affected down there.']",sadness
19,303,19_bopha_typhoon_pablo_philippines,"['bopha', 'typhoon', 'pablo', 'philippines', 'super', 'pabloph', 'landfall', 'philippine', 'southern', 'death']","['rt : the death toll from typhoon bopha in philippines is up to .', 'video: typhoon bopha hits philippines', 'rt : typhoon bopha']",sadness
20,294,20_boate_kiss_da_em,"['boate', 'kiss', 'da', 'em', 'na', 'incêndio', 'santa', 'maria', 'do', 'um']","['por que a boate pegou fogo? porque ela kiss kiss kiss kiss', 'tragédia no rio grande do sul incêndio na boate kiss deixa mortos em santa maria : via', 'rt : santa maria, na boate kiss']",trust
21,285,21_philippines_quake_earthquake_magnitude,"['philippines', 'quake', 'earthquake', 'magnitude', 'central', 'hits', 'toll', 'strikes', 'death', 'bohol']","['. magnitude earthquake hits philippines', 'rt : . -magnitude earthquake hits philippines', 'magnitude- . earthquake hits the philippines:']",sadness
22,284,22_colorado_flooding_floods_unaccounted,"['colorado', 'flooding', 'floods', 'unaccounted', 'oil', 'gas', 'hundreds', 'flash', 'spills', 'wells']","['hundreds unaccounted for in colorado floods', 'colorado floods', 'rt : colorado floods']",sadness
23,284,23_метеорит_челябинск_на_что,"['метеорит', 'челябинск', 'на', 'что', 'челябинске', 'упало', 'самом', 'деле', 'не', 'chelly']","['rt : что на самом деле упало в челябинске.… метеорит челябинск', 'rt : что на самом деле упало в челябинске.… метеорит челябинск', 'rt : что на самом деле упало в челябинске.… метеорит челябинск']",trust
24,280,24_spain_train_driver_crash,"['spain', 'train', 'driver', 'crash', 'derails', 'phone', 'least', 'derailed', 'killing', 'accident']","['rt : pray for the train victims in spain', 'rt : spain train driver was on phone at time of crash | via', 'rt : spain train crash video']",sadness
25,278,25_refinería_amuay_explosión_la,"['refinería', 'amuay', 'explosión', 'la', 'venezuela', 'en', 'de', 'refineria', 'incendio', 'fuego']","['rt : sube a la cifra de muertos por explosión de refinería de amuay en venezuela.', 'la refinería de amuay... vía', 'la refinería de amuay…']",trust
26,268,26_santamaria_que_em_tragédia,"['santamaria', 'que', 'em', 'tragédia', 'deus', 'os', 'mais', 'não', 'das', 'pessoas']","['nyc........ santamaria', 'santamaria', 'santamaria -']",trust
27,243,27_sa_na_ang_ng,"['sa', 'na', 'ang', 'ng', 'baha', 'maringph', 'pa', 'ko', 'ka', 'mga']","['humupa na daw ang baha sa sta. mesa, manila. does this mean na may pasok na bukas? gosh, sana wala pa. midterms namin sa biology if ever!', 'baha na for sure sa recto, sa quiapo, sa espana, sa sm manila. baha na lhat ng way ko papasok!!', 'grabe ang baha sa manila. hope tumigil na ang ulan at bumaba na ang tubig. keep safe everyone :(']",trust
28,208,28_calgary_alberta_flooding_flood,"['calgary', 'alberta', 'flooding', 'flood', 'canada', 'floods', 'forces', 'toronto', 'homes', 'southern']","['rt : alberta floods via', 'rt : calgary flood: how to help out …', 'massive flooding in calgary, alberta, canada.']",trust
29,184,29_rescueph_st_marikina_rescue,"['rescueph', 'st', 'marikina', 'rescue', 'pls', 'brgy', 'malabon', 'cainta', 'subd', 'qc']","['rt : nasa bubong with y/o baby. charmaine dequit langka st. bulelak malanday marikina city rescueph', 'rt : please rt! nasa bubong with y/o baby. charmaine dequit langka st. bulelak malanday marikina city rescueph', 'a pregnant woman needs help. on top of a roof near kapiligan st. araneta village brgy. dona imelda qc rescueph']",trust
30,173,30_redoctober_cardinals_game_enter,"['redoctober', 'cardinals', 'game', 'enter', 'giving', 'worldseries', 'series', 'tickets', 'away', 'redbirds']","['rt : we are giving away world series tickets for game . cardinals fans rt this to enter. redbirds redoctober', 'rt : we are giving away world series tickets for game . cardinals fans rt this to enter. redbirds redoctober', 'rt : we are giving away world series tickets for game . cardinals fans rt this to enter. redbirds redoctober']",joy
31,172,31_accidente_tren_españa_santiago,"['accidente', 'tren', 'españa', 'santiago', 'en', 'compostela', 'de', 'del', 'víctimas', 'el']","['rt : mi corazón está con todas las familias de las víctimas en el trágico accidente de tren en santiago de compostela.', 'rt : mi corazón está con todas las familias de las víctimas en el trágico accidente de tren en santiago de compostela.', 'rt : trágico accidente de tren en españa']",trust
32,167,32_bigwet_this_love_made,"['bigwet', 'this', 'love', 'made', 'me', 'laugh', 'cry', 'laughed', 'sex', 'funny']","['this made me laugh so hard okay bigwet', 'bigwet this made me laugh so hard okay', 'bigwet haha, this made me laugh']",trust
33,156,33_boulderflood_boulder_coflood_creek,"['boulderflood', 'boulder', 'coflood', 'creek', 'cowx', 'jamestown', 'county', 'road', 'canyon', 'closed']","['rt : boulderflood @ boulder creek', 'pray for boulder, colorado boulderflood', 'rt : flood in boulder: boulderflood']",trust
34,155,34_rescueph_use_hashtag_reliefph,"['rescueph', 'use', 'hashtag', 'reliefph', 'rescue', 'please', 'pgh', 'centers', 'hashtags', 'ust']","['rt : “ : if you need any help please use the hashtag rescueph. rt please!”', 'rt : “ : if you need any help please use the hashtag rescueph. rt please!”', 'rt : if you need any help please use the hashtag rescueph. rt please!']",trust
35,135,35_prayforvisayas_aftershocks_prayforbohol_god,"['prayforvisayas', 'aftershocks', 'prayforbohol', 'god', 'prayforbrazil', 'prayforsantamaria', 'prayforcebu', 'keep', 'safe', 'sunod']","['rt : prayforvisayas', 'rt : prayforvisayas', 'rt : prayforvisayas']",trust
36,135,36_springs_colorado_co_denver,"['springs', 'colorado', 'co', 'denver', 'excited', 'glenwood', 'bmw', 'adventure', 'hiking', 'mountains']","['colorado', 'colorado springs: ...', 'colorado springs']",trust
37,128,37_highparkfire_acres_containment_contained,"['highparkfire', 'acres', 'containment', 'contained', 'park', 'burned', 'evacuations', 'collins', 'glacier', 'fire']","['this is crazy highparkfire', 'rt : highparkfire update', 'highparkfire from i- .']",trust
38,126,38_prayforboston_prayforbohol_prayforcebu_this,"['prayforboston', 'prayforbohol', 'prayforcebu', 'this', 'heart', 'life', 'save', 'prayforwest', 'rt', 'physically']","['rt : prayforbohol prayforcebu', 'rt : prayforbohol prayforcebu', 'rt : prayforbohol prayforcebu']",trust
39,107,39_tsarnaev_dzhokhar_tamerlan_fbi,"['tsarnaev', 'dzhokhar', 'tamerlan', 'fbi', 'his', 'boston', 'brothers', 'saddam', 'bomber', 'suspect']","['rt : rt : the fbi has released a new photo of suspect dzhokhar tsarnaev', 'rt : “ : dzhokhar tsarnaev in custody!” good work le!!', 'boston bomber dzhokhar tsarnaev -- charged in marathon terror bombing: dzhokhar tsarnaev has just been hit wit...']",trust
40,106,40_españa_tren_descarrilamiento_maquinista,"['españa', 'tren', 'descarrilamiento', 'maquinista', 'muertos', 'en', 'el', 'descarriló', 'descarrilado', 'velocidad']","['confirman muertos en descarrilamiento de tren en españa', 'momento del descarrilamiento del tren en santiago de compostela españa:', 'al menos muertos tras descarrilamiento de tren en españa (+fotos)']",trust
41,101,41_donations_reliefph_goods_ua,"['donations', 'reliefph', 'goods', 'ua', 'donate', 'unitas', 'volunteers', 'relief', 'drop', 'accepting']","['rt : reliefph: ua&amp;p is having a relief drive and needs more food donations especially rice and canned goods via .', 'ua&amp;p hopes in need of donations such as: ready-to-eat food, water and clothing. drop by pearl dr. ortigas for donations! unitas reliefph', 'rt : we are still in need of donations, particularly canned goods. thank you! unitas reliefph']",trust
42,100,42_guatemala_quake_earthquake_strong,"['guatemala', 'quake', 'earthquake', 'strong', 'least', 'off', 'strikes', 'kills', 'magnitude', 'wall']","['rt : guatemala earthquake: at least dead', '. earthquake in guatemala', 'strong earthquake off guatemala kills at least - a strong earthquake off the coast of guatemala killed at least ...']",sadness
43,98,43_italy_northern_quake_earthquake,"['italy', 'northern', 'quake', 'earthquake', 'magnitude', 'bologna', 'least', 'kills', 'hits', 'strikes']","['quake kills at least in northern italy via', 'rt : at least people killed in quake in northern italy.', ""news from : dead in northern italy's . -magnitude quake.""]",sadness
44,98,44_cebu_prayforvisayas_bohol_sa,"['cebu', 'prayforvisayas', 'bohol', 'sa', 'mga', 'yung', 'prayforbohol', 'lindol', 'lang', 'ng']","['rt : may god be with you... prayforvisayas cebu bohol', ""let's pray for cebu and bohol prayforvisayas cebu and bohol"", 'pray for cebu and bohol prayforvisayas']",trust
45,97,45_yycflood_yyc_abflood_yychelps,"['yycflood', 'yyc', 'abflood', 'yychelps', 'limit', 'taking', 'our', 'twitter', 'thanks', 'up']","['rt : rt : please evacuate the following areas of yyc: yycflood please rt', 'rt : i think the rain is coming.... yyc yycflood', 'rt : yycflood']",trust
46,94,46_sardinia_italian_cyclone_cleopatra,"['sardinia', 'italian', 'cyclone', 'cleopatra', 'apocalyptic', 'storm', 'island', 'floods', 'brings', 'destruction']","['rt : people killed and several missing after cyclone cleopatra hit italian island of sardinia, officials say', 'rt : people killed and several missing after cyclone cleopatra hit italian island of sardinia, officials say', 'rt : people killed and several missing after cyclone cleopatra hit italian island of sardinia, officials say']",sadness
47,93,47_west_texas_prayers_waco,"['west', 'texas', 'prayers', 'waco', 'our', 'tonight', 'thoughts', 'texans', 'hearts', 'prayforwest']","['rt : prayers for west texas...', 'rt : prayers for west texas', 'rt : : prayers for west, texas.']",trust
48,91,48_compostela_santiago_tren_descarrilar,"['compostela', 'santiago', 'tren', 'descarrilar', 'pasajeros', 'muertos', 'de', 'un', 'animo', 'arrr']","['rt : al menos muertos tras descarrilar tren de pasajeros cerca de santiago de compostela vía …', 'rt : rt : al menos muertos tras descarrilar un tren en santiago de compostela', 'muertos tras descarrilar un tren en santiago de compostela']",trust
49,89,49_alberta_abflood_omgp_relief,"['alberta', 'abflood', 'omgp', 'relief', 'flood', 'cross', 'red', 'donate', 'calgary', 'donating']","['rt : show your support to people affected by alberta floods by donating to : abflood pls rt…', 'rt : hey brett wilson will donate $ to abflood relief for every rt of hashtag omgp spread the word please', 'rt : looking to set up a fundraiser for canadian red cross alberta flood relief fund?']",trust
50,85,50_italia_norte_terremoto_nostradamus,"['italia', 'norte', 'terremoto', 'nostradamus', 'deja', 'menos', 'el', 'en', 'mayo', 'muertos']","['rt : un terremoto de , grados sacude el norte de italia ...', 'fuerte terremoto al norte de italia', ': terremoto en norte de italia deja al menos muertos.']",trust
51,81,51_sa_mga_ng_ang,"['sa', 'mga', 'ng', 'ang', 'po', 'rescueph', 'na', 'pa', 'reliefph', 'tulong']","['rt : para sa mga lugar na kailangan ng relief, paki-tweet sa , pakilagay ang reliefph para matulungnan namin ka…', 'rt : important announcement: sa mga nangangailangan po relief goods, lagyan po ng ( reliefph ) ang tweets nyo or tawag po sa …', 'rt : important announcement: sa mga nangangailangan po ma-rescue, paki lagyan po ng ( rescueph ) ang tweets nyo or tawag po sa…']",trust
52,68,52_pabloph_pablo_may_god,"['pabloph', 'pablo', 'may', 'god', 'light', 'strength', 'devastated', 'cdo', 'give', 'dumaguete']","['rt : prayers to all the people devastated by pabloph! i pray that may god show u the light &amp; may god give u strength to ...', 'rt : prayers to all the people devastated by pabloph! i pray that may god show u the light &amp; may god give u strength to ...', 'pabloph']",trust
53,60,53_分頃_地震_最大震度_saigai,"['分頃', '地震', '最大震度', 'saigai', 'jishin', 'の地震が発生', '震度', '震源地', '気象庁速報', 'earthquake']","['rt : 【気象庁速報】 日 時 分頃 最大震度 の地震が発生。( ) 震度 ：広島県南東部他 saigai jishin earthquake', 'rt : 【気象庁速報】 日 時 分頃 最大震度 の地震が発生。( ) 震度 ：広島県南東部他 saigai jishin earthquake', 'rt : 【気象庁速報】 日 時 分頃 最大震度 の地震が発生。( ) 震度 ：広島県南東部他 saigai jishin earthquake']",trust
54,60,54_region_earthquake_japan_indonesia,"['region', 'earthquake', 'japan', 'indonesia', 'km', 'mb', 'sismo', 'utclocation', 'temblor', 'time']","['earthquake magnitude mb . region south of java, indonesiadate time - - : : . utclocation ....', 'earthquake magnitude mb . region south of java, indonesiadate time - - : : . utclocation ....', '【 earthquake jp】 time: / / : : utc, region: n.tohoku region, japan, mw . , depth： . km, 地震']",trust
55,59,55_westtx_westexplosion_west_prayforwest,"['westtx', 'westexplosion', 'west', 'prayforwest', 'serious', 'backyard', 'my', 'community', 'heart', 'praying']","['rt : : this explosion was serious, please prayforwest westtx', 'rt : this explosion was serious, please prayforwest westtx', 'westtx']",trust
56,58,56_filipino_philippines_bangonpilipinas_filipinos,"['filipino', 'philippines', 'bangonpilipinas', 'filipinos', 'mr', 'filipina', 'sun', 'missuniverse', 'keep', 'stamps']","['rt : bangonpilipinas reliefph keep safe filipinos! thanks mr. sun! pray for the philippines!', 'rt : bangonpilipinas reliefph keep safe filipinos! thanks mr. sun! pray for the philippines!', 'rt : bangonpilipinas reliefph keep safe filipinos! thanks mr. sun! pray for the philippines!']",trust
57,55,57_tropical_maringph_maring_storm,"['tropical', 'maringph', 'maring', 'storm', 'responsibility', 'ph', 'monsoon', 'area', 'bulletin', 'southwest']","['rt : tropical storm maring expected to leave ph area of responsibility on thursday maringph', 'rt : tropical storm maring expected to leave ph area of responsibility on thursday maringph', 'rt : tropical storm maring expected to leave ph area of responsibility on thursday maringph']",trust
58,55,58_calgary_yycflood_downtown_yyc,"['calgary', 'yycflood', 'downtown', 'yyc', 'abflood', 'th', 'yycfloods', 'ave', 'centre', 'st']","['rt : rt before/after downtown calgary. th ave se at th st yycflood yyc via :', 'rt : power could be out in downtown calgary for days: abflood yycflood yyc', 'rt : oh calgary :( -- before/after downtown calgary. th ave se at th st yycflood via …']",trust
59,54,59_coflood_cofloodrelief_fundraiser_help,"['coflood', 'cofloodrelief', 'fundraiser', 'help', 'volunteers', 'crews', 'print', 'niwot', 'jabs', 'canvas']","[""want to help coflood victims? here's how:"", ""rt : we're giving free storage to victims of the coflood will you help spread the word? cofloodrelief htt…"", 'rt : please help with the cofloodrelief: coflood how to help now:']",trust
60,52,60_prayforboston_prayfortexas_world_sick,"['prayforboston', 'prayfortexas', 'world', 'sick', 'prayforwest', 'really', 'prayformit', 'screwed', 'don', 'this']","['prayforboston', 'prayforboston :(', 'prayforboston']",trust
61,52,61_yolanda_typhoon_yolandaph_beloved,"['yolanda', 'typhoon', 'yolandaph', 'beloved', 'ask', 'especially', 'victims', 'prayer', 'join', 'islands']","['rt : i ask all of you to join me in prayer for the victims of typhoon haiyan / yolanda especially those in the beloved islands of …', 'rt : i ask all of you to join me in prayer for the victims of typhoon haiyan / yolanda especially those in the beloved islands of …', 'rt : i ask all of you to join me in prayer for the victims of typhoon haiyan / yolanda especially those in the beloved islands of …']",trust
62,52,62_bestrapper_initialsofsomeonespecial_followers_boulderflood,"['bestrapper', 'initialsofsomeonespecial', 'followers', 'boulderflood', 'gt', 'cowx', 'coral', 'gladstone', 'bb', 'flow']","['visit=&gt; rt for new followers boulderflood, bestrapper, initialsofsomeonespecial, cowx, musi', 'visit=&gt; and★rt★if★you★want★followers★ boulderflood, bestrapper, initialsofsomeonespecial, cowx', 'go=&gt; and rt if want new followers boulderflood, bestrapper, cowx, initialsofsomeonespecial,']",trust
63,50,63_generator_ust_hospital_already,"['generator', 'ust', 'hospital', 'already', 'send', 'generators', 'rescuers', 'died', 'rescueph', 'some']","[""rt : ust hospital's generator already died!!! please send some rescuers! rescueph reliefph ..."", ""rt : ust hospital's generator already died!!! please send some rescuers! rescueph reliefph"", ""rt : rt: ust hospital's generator already died!!! please send some rescuers! rescueph reliefph @ ...""]",sadness
64,50,64_vídeo_tren_compostela_santiago,"['vídeo', 'tren', 'compostela', 'santiago', 'video', 'descarriló', 'galiciadeluto', 'momento', 'así', 'del']","['rt : vídeo: así descarriló el tren de santiago de compostela galiciadeluto animogalicia accidentesanti…', 'rt : vídeo: así descarriló el tren de santiago de compostela galiciadeluto animogalicia accidentesanti…', ':( : vídeo: así descarriló el tren de santiago de compostela galiciadeluto animogalicia']",trust
65,50,65_temblorcr_temblorgt_sintió_se,"['temblorcr', 'temblorgt', 'sintió', 'se', 'el', 'fuerte', 'tranquilos', 'no', 'cayó', 'miércoles']","['temblorcr estaba con mi nieto se sintió muy fuerte', '. grados temblorcr según', 'sintió el temblorcr?']",trust
66,50,66_pets_animals_coflood_colorado,"['pets', 'animals', 'coflood', 'colorado', 'pet', 'twins', 'barbi', 'humane', 'rescue', 'flooding']","['rt : barbi twins looking out for lost pets in colorado floods; rescues underway', 'colorado flooding lost and found pets', 'coflood affected pets need your help! via']",trust
67,50,67_qldfloods_laughed_hard_djokovic,"['qldfloods', 'laughed', 'hard', 'djokovic', 'me', 'hahah', 'love', 'this', 'do', 'murray']","['hahaha i know. i laughed so hard when i read about it. qldfloods', 'qldfloods you just need love.', 'qldfloods']",joy
68,49,68_haiyan_donate_typhoon_million,"['haiyan', 'donate', 'typhoon', 'million', 'typhoonhaiyan', 'typhoonaid', 'donated', 'children', 'give', 'help']","['philippines typhoonaid: . million people need urgent help. donate now. haiyan', 'i just donated to the typhoon haiyan appeal. please donate at', 'donate to typhoon haiyan victims in the philippines']",trust
69,49,69_pagasa_advisory_rains_warning,"['pagasa', 'advisory', 'rains', 'warning', 'heavy', 'next', 'hrs', 'manila', 'lying', 'yellow']","['rt : pagasa : pm advisory: red warning for metro manila. heavy-intense rains in next hrs. floods in low-lying areas, near ...', 'rt : pagasa : pm advisory: red warning for metro manila. heavy-intense rains in next hrs. floods in low-lying areas, near ...', 'rt : pagasa : pm advisory: red warning for metro manila. heavy-intense rains in next hrs. floods in low-lying areas, near ...']",trust
70,47,70_prayfortexas_holy_world_this,"['prayfortexas', 'holy', 'world', 'this', 'scariest', 'shit', 'omg', 'prayersfortexas', 'what', 'omfg']","['rt : prayfortexas', 'rt : prayfortexas', 'rt : prayfortexas']",trust
71,46,71_passable_deep_recto_vehicles,"['passable', 'deep', 'recto', 'vehicles', 'taft', 'floodph', 'flood', 'gutter', 'morayta', 'tire']","['rt : flood updates:as of : pm, (manila) recto morayta-gutter deep. rizal recto - / tire deep. taft kalaw (cont)', 'rt : flood updates: as of : am, (manila) recto morayta - gutter deep. rizal recto - / tire deep. taft kalaw (cont)', 'rt : flood updates: as of : am, (manila) recto morayta - gutter deep. rizal recto - / tire deep. taft kalaw (cont)']",trust
72,44,72_reliefph_nroc_volunteers_relief,"['reliefph', 'nroc', 'volunteers', 'relief', 'map', 'operations', 'ops', 'call', 'rescueph', 'list']","[""pls rt reliefph volunteers! need you! call / reliefph rescueph. here's the map"", 'reliefph volunteers! nroc &amp; need you! pls call - / - reliefph rescueph. here is the map', 'rt : reliefph volunteers! nroc &amp; need you! pls call - / - reliefph rescueph. here is the map']",trust
73,44,73_nov_epicenter_champerico_km,"['nov', 'epicenter', 'champerico', 'km', 'depth', 'ago', 'sw', 'guatemala', 'revised', 'ocos']","['rt : . earthquake, km sw of champerico, guatemala. nov : at epicenter ( m ago, depth km).', 'rt : . earthquake, km sw of champerico, guatemala. nov : at epicenter ( m ago, depth km).', 'rt : . earthquake, km sw of champerico, guatemala. nov : at epicenter ( m ago, depth km).']",trust
74,44,74_acopio_centros_centro_amuay,"['acopio', 'centros', 'centro', 'amuay', 'afectados', 'favor', 'ayudar', 'los', 'planta', 'silvederma']","['rt : centros de acopio para ayudar a los afectados por la tragedia de amuay --&gt;', 'rt : centros de acopio para ayudar a los afectados por la tragedia de amuay --&gt;', 'rt : centros de acopio para ayudar a los afectados por la tragedia de amuay --&gt;']",trust
75,44,75_aid_philippines_using_worry,"['aid', 'philippines', 'using', 'worry', 'pledge', 'delivering', 'relief', 'donate', 'donation', 'info']","['rt : sending love and worry to the philippines. (will also send aid donation using reliefph info....)', 'rt : sending love and worry to the philippines. (will also send aid donation using reliefph info....)', 'rt : sending love and worry to the philippines. (will also send aid donation using reliefph info....)']",trust
76,43,76_refinery_venezuela_blast_biggest,"['refinery', 'venezuela', 'blast', 'biggest', 'oil', 'explosion', 'kills', 'huge', 'dozens', 'tore']","['rt : venezuela refinery blast kills', ""refinery blast kills in venezuela, dozens hurt: a huge explosion rocked venezuela's biggest oil refinery and ..."", 'explosion kills at venezuela refinery']",sadness
77,42,77_km_sismo_magnitud_chile,"['km', 'sismo', 'magnitud', 'chile', 'preliminar', 'profundidad', 'al', 'mw', 'sismos', 'testimonios']","['sismo km al o de navidad: preliminar: no magnitud: . profundidad: . km hora cerca del epicentro... chile', 'sismo km al o de arica: preliminar: si magnitud: profundidad: km hora cerca del epicentro: ... chile', 'chile km al o de arica: preliminar: si magnitud: profundidad: km hora cerca del epicentro: ... sismo']",trust
78,40,78_yolandaph_tacloban_yolanda_oblation,"['yolandaph', 'tacloban', 'yolanda', 'oblation', 'statue', 'stands', 'ruins', 'resilient', 'looking', 'children']","['rt : the oblation statue in up tacloban stands, resilient, among the ruins of yolandaph. | via', ""rt : photo via : children are all out in tacloban's streets looking for food yolandaph"", 'rt : those who want to donate for yolandaph victims:']",trust
79,40,79_pablo_con_buena_jodas,"['pablo', 'con', 'buena', 'jodas', 'yeahh', 'juancarlos', 'alvaro', 'pss', 'miriam', 'tarde']","['rt : buena barbacoa con pablo y rubi http: ...', 'rt : buena tarde con pablo y el cabron del primo de pozo ejeje', 'buena tarde con pablo... :)']",trust
80,39,80_bundaberg_bigwet_burnett_residents,"['bundaberg', 'bigwet', 'burnett', 'residents', 'evacuation', 'north', 'walla', 'exclusion', 'river', 'civic']","['rt : police calling for immediate evacuation of bundaberg north. bigwet', 'rt : evacuation centre in bundaberg. more than flood-affected residents evacuated because of bigwet. h ...', 'rt : bundaberg north residents please evacuate immediately to civic centre, n bundaberg ss or friends &amp; relatives bigwet']",trust
81,38,81_schools_vivian_persists_minister,"['schools', 'vivian', 'persists', 'minister', 'school', 'situation', 'close', 'task', 'formed', 'sch']","['rt : minister vivian: sghaze task force formed, schools may close if situation persists', 'rt : minister vivian: sghaze task force formed, schools may close if situation persists', 'rt : minister vivian: sghaze task force formed, schools may close if situation persists']",trust
82,38,82_classes_levels_walangpasok_suspended,"['classes', 'levels', 'walangpasok', 'suspended', 'resume', 'suspends', 'private', 'tomorrow', 'public', 'mayor']","['classes are suspended, august (thursday) walangpasok all levels! due to tropical storm maringph and floodph', 'rt : update: province of batangas - classes in all levels, suspended. public and private schools. maringph walangpasok @…', 'rt : classes in all levels in cebu city will be suspended tom pabloph walangpasok | via']",trust
83,37,83_earthquake_feel_was_woy,"['earthquake', 'feel', 'was', 'woy', 'that', 'lol', 'damn', 'trend', 'fell', 'felt']","[""rt : not in la but i'm all over this trend right now! earthquake omg you feel that?! crazy!!"", ""rt : not in la but i'm all over this trend right now! earthquake omg you feel that?! crazy!!"", 'rt : earthquake']",joy
84,37,84_enteré_animogalicia_gran_noticia,"['enteré', 'animogalicia', 'gran', 'noticia', 'tristeza', 'accidente', 'españa', 'es', 'con', 'me']","['rt : es con gran tristeza que me enteré de la noticia del accidente de tren en españa. animogalicia', 'rt : es con gran tristeza que me enteré de la noticia del accidente de tren en españa. animogalicia', 'rt : es con gran tristeza que me enteré de la noticia del accidente de tren en españa. animogalicia']",trust
85,37,85_derailment_prayers_metro_north,"['derailment', 'prayers', 'metro', 'north', 'morning', 'those', 'bronx', 'train', 'nyc', 'injured']","['rt : let us pray for those killed and injured in the terrible metro north train derailment this morning in the bronx.', 'rt : let us pray for those killed and injured in the terrible metro north train derailment this morning in the bronx.', 'rt : let us pray for those killed and injured in the terrible metro north train derailment this morning in the bronx.']",trust
86,36,86_located_eye_dec_southeast,"['located', 'eye', 'dec', 'southeast', 'hinatuan', 'surigao', 'pabloph', 'sur', 'km', 'pm']","['rt : at : pm /dec/ , the eye of typhoon pabloph was located southeast of hinatuan, surigao del sur... http:/ ...', 'rt : at : pm /dec/ , the eye of typhoon pabloph was located southeast of hinatuan, surigao del sur... http:/ ...', 'rt : at : pm /dec/ , the eye of typhoon pabloph was located southeast of hinatuan, surigao del sur... http:/ ...']",trust
87,36,87_millions_shelter_clean_appeal,"['millions', 'shelter', 'clean', 'appeal', 'their', 'donate', 'water', 'need', 'haiyan', 'there']","['rt : millions in the philippines need clean water &amp; shelter now. is there: donate to their haiyan appeal!', 'rt : millions in the philippines need clean water &amp; shelter now. is there: donate to their haiyan appeal!', 'rt : millions in the philippines need clean water &amp; shelter now. is there: donate to their haiyan appeal!']",trust
88,34,88_bieber_justin_believetour_final,"['bieber', 'justin', 'believetour', 'final', 'date', 'haiyan', 'typhoon', 'victims', 'visits', 'philippines']","['rt : justin bieber final date on believetour - the philippines to help victims of typhoon haiyan http…', 'rt : justin bieber final date on believetour - the philippines to help victims of typhoon haiyan http…', 'rt : justin bieber final date on believetour - the philippines to help victims of typhoon haiyan http…']",trust
89,34,89_pabloph_donate_pablo_victims,"['pabloph', 'donate', 'pablo', 'victims', 'items', 'typhoon', 'donations', 'food', 'cash', 'families']","['rt : my prayers go out to all who are affected by typhoon pablo. if you have clothes or any items you wish to donate, please c ...', 'rt : typhoon pablo update report (total served): food items - , families non-food items- , families hot... http:/ ...', 'rt : typhoon pablo update report (total served): food items - , families non-food items- , families hot... http:/ ...']",trust
90,34,90_church_loboc_bohol_historical,"['church', 'loboc', 'bohol', 'historical', 'churches', 'prayforvisayas', 'before', 'bless', 'earthquake', 'prayforbohol']","['rt : the historical loboc church in bohol :( before &amp; after earthquake prayforvisayas god bless the philippines', 'rt : the historical loboc church in bohol :( before &amp; after earthquake prayforvisayas god bless the philippines', 'rt : the historical loboc church in bohol :( before &amp; after earthquake prayforvisayas god bless the philippines']",trust
91,33,91_prayfromjapan_usgs_pasthour_alert,"['prayfromjapan', 'usgs', 'pasthour', 'alert', 'tsunami', 'gmt', 'september', 'alaska', 'california', 'earthquake']","['【 usgs alert】 m . , southern california: september , : : gmt earthquake tsunami prayfromjapan', '【 usgs alert】 m . , central california: september , : : gmt earthquake tsunami prayfromjapan', '【 usgs alert】 m . , central california: september , : : gmt earthquake tsunami prayfromjapan']",joy
92,32,92_ml_utc_lon_lat,"['ml', 'utc', 'lon', 'lat', 'prov', 'prof', 'reggio', 'km', 'mantova', 'modena']","['rt : terremoto ml: . - - : : utc lat= . lon= . prof= . km prov=mantova,reggio emilia,modena', 'rt : terremoto ml: . - - : : utc lat= . lon= . prof= . km prov=mantova,reggio emilia,modena', 'rt : terremoto ml: . - - : : utc lat= . lon= . prof= . km prov=reggio emilia,modena']",trust
93,32,93_推定_緊急地震速報_深さ_発生,"['推定', '緊急地震速報', '深さ', '発生', '詳細', '最大震度', '千葉県北東部で地震', 'km', '最終報', 'earthquake']","['rt : ■■緊急地震速報(第 報)■■ 千葉県北東部で地震 最大震度 (推定) [詳細] / / : : 発生 m . 深さ km earthquake', 'rt : ■■緊急地震速報(第 報)■■ 千葉県北東部で地震 最大震度 (推定) [詳細] / / : : 発生 m . 深さ km earthquake', 'rt : ■■緊急地震速報(第 報)■■ 千葉県北東部で地震 最大震度 (推定) [詳細] / / : : 発生 m . 深さ km earthquake']",trust
94,32,94_river_abflood_high_drumheller,"['river', 'abflood', 'high', 'drumheller', 'morgan', 'view', 'bow', 'canmore', 'banks', 'dam']","['rt : rt : the river is a rising in drumheller. difference after hours. abflood', 'rt : must see flooding pic from high river, ab rt : rt : high river abstorm abflood', 'rt : just incredible rt : rt high river rt : arial view of high river. wow. abflood']",trust
95,30,95_thankfully_italy_concerns_scary,"['thankfully', 'italy', 'concerns', 'scary', 'ok', 'thank', 'praying', 'but', 'your', 'everyone']","['rt : thank you for all of your concerns!! earthquake was scary but thankfully everyone is ok. praying for italy', 'rt : thank you for all of your concerns!! earthquake was scary but thankfully everyone is ok. praying for italy', 'rt : thank you for all of your concerns!! earthquake was scary but thankfully everyone is ok. praying for italy']",trust
96,30,96_rana_plaza_orang_korban,"['rana', 'plaza', 'orang', 'korban', 'ambruknya', 'tewas', 'runtuhnya', 'gedung', 'ditemukan', 'kembali']","['jasad korban ambruknya rana plaza kembali ditemukan, total orang tewas: petugas penyelamat berhasil menemu...', 'jasad korban ambruknya rana plaza kembali ditemukan, total orang tewas: petugas penyelamat berhasil menemu...', 'jasad korban ambruknya rana plaza kembali ditemukan, total orang tewas']",anger
97,29,97_struggling_taxis_provide_transport,"['struggling', 'taxis', 'provide', 'transport', 'loved', 'ones', 'visit', 'free', 'anyone', 'll']","[""rt : anyone with loved ones in hospital from clutha &amp; struggling for transport to visit, we'll provide free taxis"", ""rt : anyone with loved ones in hospital from clutha &amp; struggling for transport to visit, we'll provide free taxis"", ""rt : anyone with loved ones in hospital from clutha &amp; struggling for transport to visit, we'll provide free taxis""]",trust
98,29,98_km_oct_depth_tagbilaran,"['km', 'oct', 'depth', 'tagbilaran', 'epicenter', 'nueva', 'ago', 'vida', 'sur', 'philippines']","['rt : . earthquake, km s of nueva vida sur, philippines. oct : at epicenter ( m ago, km tagbilaran, depth... http…', 'rt : . earthquake, km s of nueva vida sur, philippines. oct : at epicenter ( m ago, km tagbilaran, depth... http…', 'rt : . earthquake, km s of nueva vida sur, philippines. oct : at epicenter ( m ago, km tagbilaran, depth... http…']",trust
99,28,99_cristiano_ronaldo_viajará_donar,"['cristiano', 'ronaldo', 'viajará', 'donar', 'sangre', 'ocurrido', 'grandísim', 'lo', 'accidente', 'compostela']","['rt : cristiano ronaldo viajará a santiago de compostela para donar sangre por lo ocurrido en el accidente de tren ¡grandísim…', 'rt : cristiano ronaldo viajará a santiago de compostela para donar sangre por lo ocurrido en el accidente de tren ¡grandísim…', 'rt : cristiano ronaldo viajará a santiago de compostela para donar sangre por lo ocurrido en el accidente de tren ¡grandísim…']",trust
100,28,100_prayers_go_colorado_out,"['prayers', 'go', 'colorado', 'out', 'springs', 'navy', 'dealing', 'everyone', 'navyyardshooting', 'timberline']","['rt : my thoughts and prayers go out to everyone in colorado dealing with the floods and also to everyone in d.c at the navy …', 'rt : my thoughts and prayers go out to everyone in colorado dealing with the floods and also to everyone in d.c at the navy …', 'rt : my thoughts and prayers go out to everyone in colorado dealing with the floods and also to everyone in d.c at the navy …']",trust
101,28,101_prayforthephilippines_beggar_floodph_die,"['prayforthephilippines', 'beggar', 'floodph', 'die', 'yuck', 'its', 'rather', 'better', 'philippines', 'time']","['rt : its your time to die who live in the philippines prayforthephilippines floodph', 'rt : its your time to die who live in the philippines prayforthephilippines floodph', ': yuck in the philippines are so many beggar people so better die prayforthephilippines floodph shut up']",anger
102,27,102_volcanic_eruption_zealand_drought,"['volcanic', 'eruption', 'zealand', 'drought', 'africa', 'snow', 'trust', 'california', 'usa', 'manila']","['rt : snow in africa, drought in usa, flood in manila, volcanic eruption in new zealand and earthquake in california. trust go ...', 'rt : snow in africa, drought in usa, flood in manila, volcanic eruption in new zealand and earthquake in california. trust go ...', 'rt : snow in africa, drought in usa, flood in manila, volcanic eruption in new zealand and earthquake in california. trust go ...']",trust
103,27,103_saddledome_row_dressing_yycflood,"['saddledome', 'row', 'dressing', 'yycflood', 'rooms', 'nhl', 'play', 'hold', 'submerged', 'show']","['rt : breaking: water is up to row at saddledome. dressing rooms completely submerged. yycflood nhl”', 'rt : breaking: water is up to row at saddledome. dressing rooms completely submerged. yycflood nhl”', 'rt : breaking: water is up to row at saddledome. dressing rooms completely submerged. yycflood nhl”']",trust
104,27,104_co_jobs_springs_job,"['co', 'jobs', 'springs', 'job', 'colorado', 'vacancy', 'management', 'manager', 'looking', 'ayp']","['wyzant jobs coloradosprings a student in colorado springs, co is looking for a tutor in elementary (k- th):', 'colorado new jobs $ software architect ( - ) at northrop grumman (colorado springs, co)', 'co jobs | biosurgery tbm colorado springs at baxter international (denver, co) job hiring cojobs']",trust
105,27,105_centroamérica_costera_brasil_hasta,"['centroamérica', 'costera', 'brasil', 'hasta', 'toda', 'desde', 'zona', 'hay', 'alerta', 'tras']","['rt : tras el sismo de , en costarica hay alerta de tsunami para toda la zona costera desde centroamérica hasta brasil: http: ...', 'rt : tras el sismo de , en costarica hay alerta de tsunami para toda la zona costera desde centroamérica hasta brasil: http: ...', 'rt : tras el sismo de , en costarica hay alerta de tsunami para toda la zona costera desde centroamérica hasta brasil: http: ...']",fear
106,27,106_réplicas_sienten_fuertes_tras,"['réplicas', 'sienten', 'fuertes', 'tras', 'magnitud', 'país', 'costarica', 'sacudió', 'ahora', 'se']","['rt : fuertes réplicas se sienten ahora en costarica tras sismo de magnitud , que sacudió el país:', 'rt : fuertes réplicas se sienten ahora en costarica tras sismo de magnitud , que sacudió el país:', 'rt : fuertes réplicas se sienten ahora en costarica tras sismo de magnitud , que sacudió el país:']",trust
107,27,107_prayforboston_boston_bostonmarathon_bostonstrong,"['prayforboston', 'boston', 'bostonmarathon', 'bostonstrong', 'scared', 'pray', 'heart', 'ayy', 'jwil', 'legtly']","['rt : my heart, love, and prayers go out to anyone affected by the sad events in boston. prayforboston', 'rt : thoughts go out to those in boston. prayforboston', 'pray for boston prayforboston']",trust
108,27,108_stranraer_mckeown_frank_clyde,"['stranraer', 'mckeown', 'frank', 'clyde', 'fireman', 'working', 'till', 'captained', 'player', 'captain']","['rt : my hero of the day...frank mckeown who captained stranraer at clyde after working till am at the glasgow helicopter …', 'rt : my hero of the day...frank mckeown who captained stranraer at clyde after working till am at the glasgow helicopter …', 'rt : my hero of the day...frank mckeown who captained stranraer at clyde after working till am at the glasgow helicopter …']",trust
109,27,109_itunes_efforts_contribute_relief,"['itunes', 'efforts', 'contribute', 'relief', 'haiyan', 'donate', 'songsforthephilippines', 'included', 'version', 'songs']","['rt : contribute to haiyan relief efforts. donate to the via itunes at', 'rt : contribute to haiyan relief efforts. donate to the via itunes at', 'rt : contribute to haiyan relief efforts. donate to the via itunes at']",trust
110,26,110_pablo_pray_typhoon_let,"['pablo', 'pray', 'typhoon', 'let', 'valley', 'victims', 'cagayan', 'god', 'pabloph', 'path']","['let us pray for all those who were affected by typhoon pablo', 'let us all pray for the victims of typhoon pablo!', ""rt : let's pray for the victims of typhoon pablo.""]",trust
111,26,111_fracking_spills_gas_coflood,"['fracking', 'spills', 'gas', 'coflood', 'flooding', 'colorado', 'frack', 'site', 'hearing', 'oil']","['rt : and other u.s. congressmen call for hearing on flood-triggered oil, gas spills fracking boulderflood http:…', ""rt : after the coflood, fracking operations are leaking. tell : stop co's fracking flood …"", 'a fracking disaster? coflood']",trust
112,25,112_password_wifi_togliete_fi,"['password', 'wifi', 'togliete', 'fi', 'wi', 'senza', 'vostro', 'iperbole', 'togliere', 'le']","['rt : wifi gratis e senza password: wife (ferrara), iperbole (bologna), goomobile (bondeno) terremoto rt rt', 'rt : togliete le password del vostro wifi nelle zone terremoto potrebbe essere molto di aiuto per chi deve ...', 'rt : togliete le password del vostro wifi nelle zone terremoto potrebbe essere molto di aiuto per chi deve ...']",trust
113,25,113_conductor_españa_tren_descarriló,"['conductor', 'españa', 'tren', 'descarriló', 'del', 'accidentado', 'homicidio', 'descarrilado', 'alta', 'velocidad']","['rt : me quiero morir, dijo el conductor del tren que descarriló en españa', 'detienen al conductor del tren que se descarriló en españa', 'detienen al conductor del tren que se descarriló en españa: (cnn) – el conductor del tren que descarriló este ...']",trust
114,25,114_rescueph_believe_occur_this,"['rescueph', 'believe', 'occur', 'this', 'fucking', 'can', 'cannot', 'really', 'giggled', 'kaira']","['rescueph omg, like i cannot believe this person', 'rescueph really?! wow. really?! i can not believe this!', 'rescueph babyshambles follows me personally. omg. will be this. i can not believe this, my dear fucking god.']",trust
115,25,115_explosión_amuay_predijo_la,"['explosión', 'amuay', 'predijo', 'la', 'detectan', 'opinión', 'pública', 'comunicado', 'último', 'audio']","['rt : último minuto// detectan nuevo incendio en uno de los tanques afectados por la explosión de amuay. más detalles en ...', 'rt : rt : último minuto// detectan nuevo incendio n uno de los tanques afectados por la explosión de amuay. más d ...', 'rt : rt : último minuto// detectan nuevo incendio n uno de los tanques afectados por la explosión de amuay. más d ...']",trust
116,24,116_red_text_lt_cross,"['red', 'text', 'lt', 'cross', 'smart', 'gt', 'donate', 'maring', 'subs', 'or']","['rt : help victims of maring. pls donate to the red cross. for smart, please text red &lt; , , , or &gt; to go rescueph', 'rt : help victims of maring. pls donate to the red cross. for smart, please text red &lt; , , , or &gt; to go rescueph', 'rt : help victims of maring. pls donate to the red cross. for smart, please text red &lt; , , , or &gt; to go rescueph']",trust
117,24,117_olds_dare_homeless_threa,"['olds', 'dare', 'homeless', 'threa', 'far', 'bomb', 'man', 'year', 'prayfortexas', 'week']","['rt : so far this week - prayfortexas - prayforboston - two year olds killed a homeless man as a dare - bomb threa ...', 'rt : so far this week - prayfortexas - prayforboston - two year olds killed a homeless man as a dare - bomb threa ...', 'rt : so far this week - prayfortexas - prayforboston - two year olds killed a homeless man as a dare - bomb threa ...']",sadness
118,24,118_fotos_rica_imágenes_costa,"['fotos', 'rica', 'imágenes', 'costa', 'muestran', 'primeras', 'terremoto', 'costarica', 'fuerte', 'remecida']","['rt : fotos: costa rica fue remecida por el segundo terremoto más fuerte de su historia.', 'fotos: costa rica fue remecida por el segundo terremoto más fuerte de su historia vía', 'rt : [fotos] imágenes muestran consecuencias del terremoto , richter en costa rica']",trust
119,23,119_blood_donor_clutha_centre,"['blood', 'donor', 'clutha', 'centre', 'nelson', 'mandela', 'open', 'important', 'glasgow', 'if']","['rt : very important, please rt : if you can, the blood donor centre in glasgow is open from . am clutha http…', 'rt : very important, please rt if you can, the blood donor centre in glasgow is open from . am clutha', 'rt : : very important, please rt if you can, the blood donor centre in glasgow is open from . am clutha']",trust
120,23,120_falcón_falcon_nuestra_rodaje,"['falcón', 'falcon', 'nuestra', 'rodaje', 'venezuela', 'pleno', 'puntofijo', 'evitar', 'podemos', 'estado']","['rt : en pleno trabajo d rodaje,no podemos evitar la tristeza x nuestra gente del estado falcón,venezuela. amuay', 'rt : en pleno trabajo d rodaje,no podemos evitar la tristeza x nuestra gente del estado falcón,venezuela. amuay', 'rt : en pleno trabajo d rodaje,no podemos evitar la tristeza x nuestra gente del estado falcón,venezuela. amuay']",trust
121,23,121_obama_president_plans_rages,"['obama', 'president', 'plans', 'rages', 'colorado', 'monster', 'wildfires', 'visit', 'wildfire', 'tour']","['monster colorado wildfire rages; obama plans visit', ""'monster' colorado wildfire rages; obama plans visit...: 'monster' colorado wildfire rages; obama plans visit......"", 'rt : monster colorado wildfire rages; obama plans visit']",trust
122,22,122_texas_waco_explosión_usine,"['texas', 'waco', 'explosión', 'usine', 'west', 'otra', 'expande', 'engrais', 'explosion', 'elle']","['rt : [foto westtx] - momento en el que se expande el humo de la explosión en waco, texas:', 'rt : momento en el que se expande el humo de la explosión en waco, texas:', 'la explosión no fue en waco, fue en west, texas! waco esta muy cerca de west!']",trust
123,21,123_liberia_sep_epicenter_depth,"['liberia', 'sep', 'epicenter', 'depth', 'km', 'ago', 'am', 'coast', 'rica', 'costa']","['rt : . earthquake, off the coast of costa rica. sep : am at epicenter ( m ago, km s of liberia, depth km). http: ...', 'rt : . earthquake, off the coast of costa rica. sep : am at epicenter ( m ago, km s of liberia, depth km). http: ...', 'rt : . earthquake, off the coast of costa rica. sep : am at epicenter ( m ago, km s of liberia, depth km). http: ...']",trust
124,21,124_temblorgt_impactantes_imágenes_devastación,"['temblorgt', 'impactantes', 'imágenes', 'devastación', 'ocasiono', 'devastador', 'temblor', 'temblorcr', 'luego', 'ucr']","['rt : impactantes imágenes de lo que ocasiono el devastador temblor temblorgt', 'rt : impactantes imágenes de lo que ocasiono el devastador temblor temblorgt', 'rt : impactantes imágenes de lo que ocasiono el devastador temblor temblorgt']",trust
125,21,125_sacude_urgente_magnitud_sismo,"['sacude', 'urgente', 'magnitud', 'sismo', 'guatemala', 'notitweets', 'amparalos', 'intensos', 'protegelos', 'rescates']","['rt : urgente: sismo de magnitud , sacude guatemala', 'rt : urgente: sismo de magnitud , sacude guatemala', 'rt : urgente: sismo de magnitud , sacude guatemala']",trust
126,20,126_refinery_venezuela_venezuelan_spreads,"['refinery', 'venezuela', 'venezuelan', 'spreads', 'aday', 'restart', 'blaze', 'fire', 'tank', 'burns']","['rt : venezuela refinery fire spreads', 'venezuela refinery fire spreads', 'fires burn at venezuela refinery: two tanks are still on fire at the amuay refinery in northern venezuela after ...']",trust
127,20,127_hook_girl_sandy_running,"['hook', 'girl', 'sandy', 'running', 'kids', 'old', 'while', 'explosions', 'year', 'prayforboston']","[""rt : r.i.p. to the year-old girl who died in boston's explosions, while running for the sandy hook kids. prayforboston ..."", ""rt : r.i.p. to the year-old girl who died in boston's explosions, while running for the sandy hook kids. prayforboston ..."", ""rt : r.i.p. to the year-old girl who died in boston's explosions, while running for the sandy hook kids. prayforboston ...""]",sadness
128,20,128_ndrrmc_pabloph_missing_pablo,"['ndrrmc', 'pabloph', 'missing', 'pablo', 'tally', 'dead', 'newstvlive', 'due', 'latest', 'casualty']","[""rt : dead, missing due to 'pablo' - ndrrmc pabloph"", 'rt : latest from ndrrmc: dead, , injured, missing due to typhoon pablo pabloph', 'rt : latest from ndrrmc: dead, , injured, missing due to typhoon pablo pabloph']",sadness
129,20,129_water_boil_calgarians_yyc,"['water', 'boil', 'calgarians', 'yyc', 'yycflood', 'asks', 'drinking', 'quality', 'widely', 'limit']","['- the city asks that calgarians limit water use as much as possible. thank you. yyc yycflood', 'rt : please rt widely - the city asks that calgarians limit water use as much as possible. thank you. yyc yycflood', 'rt : please rt widely - the city asks that calgarians limit water use as much as possible. thank you. yyc yycflood”']",trust
130,20,130_terrible_support_central_families,"['terrible', 'support', 'central', 'families', 'due', 'hit', 'today', 'victims', 'my', 'all']","['rt : all my support to the families of the victims due to the terrible earthquake that hit central philippines today.', 'rt : all my support to the families of the victims due to the terrible earthquake that hit central philippines today.', 'rt : all my support to the families of the victims due to the terrible earthquake that hit central philippines today.']",sadness
131,20,131_room_commuters_options_commute,"['room', 'commuters', 'options', 'commute', 'affect', 'city', 'york', 'av', 'derailment', 'new']","['city room: new york today: after derailment, best options for commuters: what you need to know for tuesday: av...', 'city room: new york today: how derailment could affect your commute: your options if you take metro-no...', 'city room: new york today: how derailment could affect your commute: your options if you take metro-no...']",anticipation
132,20,132_tifón_filipinas_haiyan_vientos,"['tifón', 'filipinas', 'haiyan', 'vientos', 'más', 'sostenidos', 'imagen', 'poderoso', 'el', 'bopha']","['tifón haiyan deja tres muertos en filipinas', 'terrible tifón yolanda filipinas', 'más de . muertos y desaparecidos por el tifón bopha en filipinas']",trust
133,19,133_coast_magnitude_pacific_off,"['coast', 'magnitude', 'pacific', 'off', 'usgs', 'guatemala', 'earthquake', 'hits', 'wtvr', 'struck']","["": magnitude . earthquake hits off guatemala's pacific coast - usgs"", ""rt : magnitude . earthquake hits off guatemala's pacific coast - usgs"", ""rt : magnitude . earthquake hits off guatemala's pacific coast - usgs""]",trust
134,19,134_typhoons_war_luzon_mindanao,"['typhoons', 'war', 'luzon', 'mindanao', 'visayas', 'dear', 'pray', 'our', 'philippines', 'earthquake']","['rt : luzon: typhoons visayas: earthquake mindanao: war pray for our dear philippines.', 'rt : “ : luzon: typhoons visayas: earthquake mindanao: war pray for our dear philippines.”', 'rt : luzon: typhoons visayas: earthquake mindanao: war pray for our dear philippines.']",trust
135,19,135_evacuated_yycflood_yyc_yyccc,"['evacuated', 'yycflood', 'yyc', 'yyccc', 'centre', 'residences', 'lodging', 'abemerg', 'extensive', 'opened']","[""rt : a google map showing yyc evacuated area's. extensive - much downtown. yycflood evacuated community yycre"", ""rt : we've opened residences to those evacuated due to yycflood. if you need lodging visit an abemerg response centre fir…"", ""rt : we've opened residences to those evacuated due to yycflood. if you need lodging visit an abemerg response centre fir…""]",trust
136,18,136_ramirez_ramírez_rafael_amuay,"['ramirez', 'ramírez', 'rafael', 'amuay', 'ministro', 'funcionando', 'tanque', 'tercer', 'descaro', 'restablece']","['rt : min ramírez confirma q un tercer tanque se incendia también en amuay', 'rt : que descaro! ahora ramirez no tiene apuro para restablece operaciones de amuay no dijo el sabado q eran horas p ...', 'via rt que descaro! ahora ramirez no tiene apuro para restablece operaciones de amuay no dijo el ...']",trust
137,18,137_yolo_couple_seriously_lol,"['yolo', 'couple', 'seriously', 'lol', 'sghaze', 'this', 'hotter', 'hahaha', 'hell', 'haha']","['rt : this couple seriously yolo. lol sghaze', 'rt : this couple seriously yolo. lol sghaze', 'rt : this couple seriously yolo. lol sghaze']",joy
138,18,138_retweet_maringph_prayforthephilippines_take,"['retweet', 'maringph', 'prayforthephilippines', 'take', 'time', 'sunshine', 'sctex', 'tsk', 'this', 'cryin']","['rt : take time to retweet this prayforthephilippines maringph', 'rt : take time to retweet this prayforthephilippines maringph', 'rt : rt : take time to retweet this prayforthephilippines maringph']",trust
139,18,139_felice_ferrara_mirandola_emergenza,"['felice', 'ferrara', 'mirandola', 'emergenza', 'san', 'numeri', 'modena', 'cento', 'di', 'terremoto']","['rt : numeri di emergenza per terremoto: ferrara: modena: mirandola: san felice: c ...', 'rt : rt terremoto numeri di emergenza: ferrara: - modena: - mirandola: -san felice: ...', 'rt : terremoto numeri di emergenza: ferrara: - modena: - mirandola: - san felice: - ...']",trust
140,18,140_level_marikina_river_alert,"['level', 'marikina', 'river', 'alert', 'marikinariver', 'floodph', 'prayforthephilippines', 'mtrs', 'water', 'evacuation']","['rt : marikina river nasa alert level n (force evacuation) prayforthephilippines habagat floodph keep safe everyone!', 'rt : marikina river nasa alert level n (force evacuation) prayforthephilippines habagat floodph keep safe everyone!', 'marikina river alert level na marikinariver prayforthephilippines floodph.']",trust
141,18,141_prayforthephilippines_rescueph_samaritans_reliefph,"['prayforthephilippines', 'rescueph', 'samaritans', 'reliefph', 'prayerforthephilippines', 'prayforthephilipppines', 'bayannijuan', 'vinamorales', 'need', 'conjurain']","['rescueph prayforthephilippines god bless any affected.', 'help those in need please rescueph prayforthephilippines', 'reliefph rescueph prayforthephilippines']",trust
142,17,142_marathon_donate_every_boston,"['marathon', 'donate', 'every', 'boston', 'bostonmarathon', 'donatetoboston', 'medals', 'retweet', 'fund', 'ebay']","['rt : for every retweet i will donate £ to the boston marathon tragedy! r.i.p!', 'rt : for every retweet i will donate £ to the boston marathon tragedy! r.i.p!', 'rt : for every retweet i will donate £ to the boston marathon tragedy! r.i.p!']",trust
143,17,143_bridge_closed_deck_deerfoot,"['bridge', 'closed', 'deck', 'deerfoot', 'trans', 'mhflood', 'yycflood', 'lower', 'medicine', 'hat']","['rt : officials say trans-canada highway bridge will close at p.m., dividing medicine hat. abflood mhflood', 'rt : due to rising water levels the lower deck of centre street bridge has been closed. be careful yycflood', 'rt : there is a lower bridge deck on this bridge abflood yycflood']",trust
144,17,144_newborn_risked_litter_kittens,"['newborn', 'risked', 'litter', 'kittens', 'melbourne', 'dog', 'has', 'psy', 'jay', 'save']","['rt : a dog has risked its life to save a litter of newborn kittens from a house fire in melbourne, australia:', 'rt : a dog has risked its life to save a litter of newborn kittens from a house fire in melbourne, australia', 'rt : a dog has risked its life to save a litter of newborn kittens from a house fire in melbourne, australia:']",sadness
145,17,145_prov_lon_ml_prof,"['prov', 'lon', 'ml', 'prof', 'lat', 'modena', 'utc', 'km', 'mantova', 'terremoto']","['rt : terremoto ml: . - - : : utc lat= . lon= . prof= . km prov=modena', 'rt : terremoto ml: . - - : : utc lat= . lon= . prof= . km prov=modena', 'rt : terremoto ml: . - - : : utc lat= . lon= . prof= . km prov=modena']",trust
146,17,146_foto_esta_amuay_fotos,"['foto', 'esta', 'amuay', 'fotos', 'seguir', 'bombero', 'adelante', 'nacionales', 'buena', 'escombros']","['rt : “ : y esta, es la foto dl héroe amuay puntofijo un bombero rescata d entre los escombros a un niño h ...', 'rt : esta ya es una buena razón para seguir adelante. dios nos bendiga! amuay foto vía --&gt; ...', 'rt : esta ya es una buena razón para seguir adelante. dios nos bendiga! amuay foto ...']",trust
147,17,147_prayforthephilippines_floodph_rain_safe,"['prayforthephilippines', 'floodph', 'rain', 'safe', 'keep', 'let', 'maringph', 'mother', 'sleep', 'gradually']","[""rt : let's pray for all of those impacted by all of the flooding and heavy rains. floodph prayforthephilippines"", 'keep calm and stay safe. floodph prayforthephilippines', 'rt : keep safe everyone maring prayforthephilippines floodph']",trust
148,17,148_california_southern_earthquake_central,"['california', 'southern', 'earthquake', 'central', 'foul', 'gem', 'dylib', 'abi', 'reconnecting', 'ry']","['earthquake m . , southern california', 'earthquake m . , southern california', 'earthquake: m . , southern california']",trust
149,16,149_metronorth_ntsb_derailment_briefing,"['metronorth', 'ntsb', 'derailment', 'briefing', 'hampton', 'north', 'metro', 'inn', 'complaining', 'press']","['“ : final ntsb press briefing on metro north train derailment is available at: metronorth”', 'rt : ntsb to hold second media briefing on metronorth derailment at pm et today at hampton inn, corporate blvd, yonkers, ny.', 'rt : ntsb to hold second media briefing on metronorth derailment at pm et today at hampton inn, corporate blvd, yonkers, ny.']",trust
150,16,150_helicopter_fun_apache_bigkid,"['helicopter', 'fun', 'apache', 'bigkid', 'dji', 'earns', 'freshener', 'dustpan', 'childhood', 'cantwaittoflyit']","['my xmas present from susied helicopter chopper cantwaittoflyit whatadeal @ costco wholesale', 'harbourbridge sydney helicopter operahouse goodwaytostartyourday happydays fun niceview with…', 'really miss our childhood bonding huhuhu.. ragnarok levelup dustpan helphelp helicopter etcccccc']",joy
151,16,151_hotel_campagnola_camere_disposizione,"['hotel', 'campagnola', 'camere', 'disposizione', 'tel', 'sporting', 'gratuitamente', 'ravenna', 'mettiamo', 'diana']","['rt : terremoto mettiamo a disposizione gratuitamente camere.hotel sporting - campagnola e. (re) tel. - .fat ...', 'rt : terremoto mettiamo a disposizione gratuitamente camere.hotel sporting - campagnola e. (re) tel. - fate ...', 'rt : terremoto mettiamo a disposizione gratuitamente camere.hotel sporting - campagnola e. (re) tel. - ...']",trust
152,16,152_haiyan_help_need_ground,"['haiyan', 'help', 'need', 'ground', 'dt', 'yolandaph', 'zero', 'your', 'restaurant', 'dfat']","['rt : we need your help! haiyan', 'rt : we need your help! haiyan', 'rt : we need your help! haiyan']",trust
153,16,153_join_families_their_praying,"['join', 'families', 'their', 'praying', 'me', 'texas', 'explosion', 'please', 'victims', 'and']","['rt : please join me in praying for the victims of the explosion in texas and their families.', 'rt : please join me in praying for the victims of the explosion in texas and their families.', 'rt : please join me in praying for the victims of the explosion in texas and their families.']",trust
154,16,154_unicef_kids_efforts_children,"['unicef', 'kids', 'efforts', 'children', 'support', 'emergency', 'haiyan', 'phils', 'statement', 'relief']","['rt : support unicef’s emergency relief efforts for kids in the philippines. how to help: haiyan', 'rt : support unicef’s emergency relief efforts for kids in the philippines. how to help: haiyan', 'rt : support unicef’s emergency relief efforts for kids in the philippines. how to help: haiyan']",trust
155,16,155_tragedia_pesame_victimas_sentido,"['tragedia', 'pesame', 'victimas', 'sentido', 'las', 'víctimas', 'familiares', 'mas', 'mi', 'los']","['rt : mi mas sentido pesame a los familiares de las victimas de la tragedia de tren en santiago de compostela.', 'rt : mi mas sentido pesame a los familiares de las victimas de la tragedia de tren en santiago de compostela.', 'rt : mi mas sentido pesame a los familiares de las victimas de la tragedia de tren en santiago de compostela.']",sadness
156,15,156_obama_president_forgotten_texas,"['obama', 'president', 'forgotten', 'texas', 'west', 'memorial', 'consoles', 'attends', 'them', 'tcot']","['“ : president obama to those in west texas: you are not forgotten', ""obama's words: president obama attends a memorial for those who died in the blast in west, texas."", ""obama's words: president obama attends a memorial for those who died in the blast in west, texas.""]",trust
157,15,157_virgin_islands_september_region,"['virgin', 'islands', 'september', 'region', 'gmt', 'depth', 'edt', 'hmrd', 'sep', 'bst']","['earthquake m . , virgin islands region: september , : : gmt', 'earthquake m . , virgin islands region: september , : : gmt', 'earthquake m . , virgin islands region: september , : : gmt']",trust
158,15,158_beverly_hills_beverlyhills_mag,"['beverly', 'hills', 'beverlyhills', 'mag', 'prelim', 'upgraded', 'rattles', 'breakingnews', 'earthquake', 'looks']","['rt : breakingnews: prelim . -mag. earthquake rattles beverly hills. did you feel it?', 'rt : breakingnews: prelim . -mag. earthquake rattles beverly hills. did you feel it?', 'rt : breakingnews: prelim . -mag. earthquake rattles beverly hills. did you feel it?']",trust
159,15,159_bayarea_oc_wp_royalty,"['bayarea', 'oc', 'wp', 'royalty', 'oakland', 'seo', 'smm', 'turnup', 'sf', 'blogs']","['king d royalty … la lax oakland sf bayarea vegas losangeles cali seo smm wp oc music blogs turnup', 'king d royalty … la lax oakland sf bayarea vegas losangeles cali seo smm wp oc music blogs turnup', 'king d royalty … la lax oakland sf bayarea vegas losangeles cali seo smm wp oc music blogs turnup']",trust
160,15,160_interior_ministry_spectacular_shower,"['interior', 'ministry', 'spectacular', 'shower', 'russianmeteor', 'injured', 'least', 'people', 'метеорит', 'surprise']","['rt : at least people injured in spectacular russianmeteor shower - interior ministry ...', 'rt : at least people injured in spectacular russianmeteor shower - interior ministry ...', 'rt : at least people injured in spectacular russianmeteor shower - interior ministry ...']",sadness
161,15,161_fufu_tv_mobile_live,"['fufu', 'tv', 'mobile', 'live', 'rescueph', 'your', 'free', 'camgirlsaction', 'on', 'www']","['rescueph live tv on your mobile, fufu', 'rescueph live tv on your mobile, fufu', 'rescueph live tv on your mobile, fufu']",trust
162,15,162_downtown_closures_yycflood_closed,"['downtown', 'closures', 'yycflood', 'closed', 'tomorrow', 'yyc', 'core', 'clear', 'road', 'number']","['rt : please stay clear of downtown tomorrow (if you can). there will be a number of road closures. yycflood yyc', 'rt : please stay clear of downtown tomorrow (if you can). there will be a number of road closures. yycflood yyc', 'rt : please stay clear of downtown tomorrow (if you can). there will be a number of road closures. yycflood yyc']",trust
163,15,163_barcelona_fc_expresar_pésame,"['barcelona', 'fc', 'expresar', 'pésame', 'sincero', 'quiere', 'víctimas', 'compostela', 'santiago', 'accidente']","['rt : el fc barcelona quiere expresar su más sincero pésame por las víctimas del accidente de tren en santiago de compostela …', 'rt : el fc barcelona quiere expresar su más sincero pésame por las víctimas del accidente de tren en santiago de compostela …', 'rt : el fc barcelona quiere expresar su más sincero pésame por las víctimas del accidente de tren en santiago de compostela …']",anger
164,15,164_alaska_september_islands_aleutian,"['alaska', 'september', 'islands', 'aleutian', 'southern', 'gmt', 'earthquake', 'deprem', 'fox', 'mb']","['earthquake: m . , southern alaska', 'earthquake: m . , southern alaska', 'earthquake m . , southern alaska']",trust
165,15,165_zoo_animals_hippos_calgary,"['zoo', 'animals', 'hippos', 'calgary', 'yycflood', 'sheltered', 'rumour', 'animal', 'clarifying', 'yyc']","['mt : zoo animals needed to be moved out of the zoo, some in place: not gone to jail as said earlier city yycflood', 'what is happening to the animals at the zoo? yycflood', 'i hope they got all the animals out of the calgary zoo yycflood']",sadness
166,14,166_alternativi_tilt_numeri_emeregenze,"['alternativi', 'tilt', 'numeri', 'emeregenze', 'olbia', 'funziona', 'il', 'sardegna', 'sardinien', 'non']","['rt : olbia il non funziona. numeri alternativi per emeregenze: / , / e / sardegna', 'rt : zona di olbia il è in tilt. numeri alternativi: / , / e / . allertameteosar sardegna', 'olbia il è in tilt!il numeri alternativi per le emeregenze: / , / e / sardegna allertameteosar']",trust
167,14,167_mcdonald_noodles_rice_etc,"['mcdonald', 'noodles', 'rice', 'etc', 'accepting', 'stores', 'canned', 'open', 'kind', 'vi']","[""rt : mcdonald's stores open in metro manila are now accepting donations in kind (rice, noodles, canned goods, etc.) for flood vi ..."", ""rt : mcdonald's stores open in metro manila are now accepting donations in kind (rice, noodles, canned goods, etc.) for flood vi ..."", ""rt : mcdonald's stores open in metro manila are now accepting donations in kind (rice, noodles, canned goods, etc.) for flood vi ...""]",trust
168,14,168_chinese_france_billionaire_french,"['chinese', 'france', 'billionaire', 'french', 'feared', 'magnate', 'hotelier', 'bordeaux', 'helicopter', 'vineyard']","['rt : chinese billionaire feared dead in france helicopter crash', 'chinese hotelier feared dead in french helicopter crash: bordeaux, france (reuters) - a chinese hotel magnate ...', 'chinese hotelier feared dead in french helicopter crash: bordeaux, france (reuters) - a chinese hotel magnate ...']",sadness
169,14,169_funds_raise_guys_let,"['funds', 'raise', 'guys', 'let', 'need', 'those', 'guatemala', 'help', 'earthquake', 'for']","[""rt : guys, let's help raise funds for the for those in need in the guatemala earthquake"", ""rt : guys, let's help raise funds for the for those in need in the guatemala earthquake"", ""rt : guys, let's help raise funds for the for those in need in the guatemala earthquake""]",anticipation
170,14,170_dancing_terremoto_busto_utcwednesday,"['dancing', 'terremoto', 'busto', 'utcwednesday', 'tyra', 'arsizio', 'september', 'kenai', 'owen', 'utcthursday']","['terremoto m . , central california - wednesday, september , : : utcwednesday, september , : ...', 'terremoto m . , kenai peninsula, alaska - thursday, may , : : utcthursday, may , : : am at...', 'terremoto i hate dancing at am, so i never go to clubs. then you wake up and your bed, doors and whole building are dancing with you. o.o']",trust
171,14,171_hi_unt_donation_hashtag,"['hi', 'unt', 'donation', 'hashtag', 'every', 'tweet', 'retweet', 'pls', 'can', 'rescueph']","['rt : hi , can every tweet with hashtag rescueph be a $ donation to the philippines victims? - pls retweet this unt ...', 'rt : hi , can every tweet with hashtag rescueph be a $ donation to the philippines victims? - pls retweet this unt ...', 'rt : hi , can every tweet with hashtag rescueph be a $ donation to the philippines victims? - pls retweet this unt ...']",anticipation
172,13,172_suspensions_walangpasok_safenow_rescued,"['suspensions', 'walangpasok', 'safenow', 'rescued', 'class', 'floodph', 've', 'reminders', 'work', 'been']","[""rt : reminders: check walangpasok for class/work suspensions; use rescueph for help; safenow if you've been rescued; floodph …"", ""rt : reminders: check walangpasok for class/work suspensions; use rescueph for help; safenow if you've been rescued; floodph for…"", ""rt : reminders: check walangpasok for class/work suspensions; use rescueph for help; safenow if you've been rescued; floodph for…""]",trust
173,13,173_ka_pabloph_brother_mayati,"['ka', 'pabloph', 'brother', 'mayati', 'kos', 'brotherlove', 'sakong', 'nah', 'grabe', 'older']","['pabloph grabe ka.. visayas talaga ha!', 'photo: mayati-an kos ka feeling older brother sakong little brother. hahaha!! pabloph brotherlove', 'mayati-an kos ka feeling older brother sakong little brother. hahaha!! pabloph brotherlove']",joy
174,13,174_fufu_channels_phone_tv,"['fufu', 'channels', 'phone', 'tv', 'cell', 'easiest', 'your', 'rescueph', 'way', 'on']","['rescueph tv channels on your cell phone? fufu', 'rescueph tv channels on your cell phone? fufu', 'rescueph tv channels on your cell phone? fufu']",anticipation
175,13,175_geológico_servicio_estados_unidos,"['geológico', 'servicio', 'estados', 'unidos', 'según', 'sacudió', 'urgente', 'magnitud', 'costarica', 'un']","['rt : urgente: un terremoto de magnitud , sacudió costarica, según el servicio geológico de estados unidos.', 'rt : urgente: un terremoto de magnitud , sacudió costarica, según el servicio geológico de estados unidos.', 'rt : urgente: un terremoto de magnitud , sacudió costarica, según el servicio geológico de estados unidos.']",trust
176,13,176_rain_thunder_well_prepared,"['rain', 'thunder', 'well', 'prepared', 'raining', 'stuck', 'circulation', 'funsunday', 'lovedones', 'skyrim']","[""guys, it's always better to be prepared. it may be quite sunny and dry at this time but remember, yolandaph's rain circulation is big."", ""the thunder's getting louder and the rain's not showing signs of stopping. we hope everyone's safe and with their loved ones reliefph"", ""dear weather gods - i'm not sure longmont is ready for the thunder and lightning and rain just yet. maybe hold off another week or ?""]",trust
177,13,177_maringph_essenti_help_reliefph,"['maringph', 'essenti', 'help', 'reliefph', 'mcdo', 'meals', 'blanket', 'donating', 'providing', 'online']","['rt : help maringph affected families. donate online help in providing food water, blanket,and essenti…', 'rt : help victims of maringph by donating goods in kind to any mcdo store located in mm starting today until aug reliefph', 'rt: help victims of maringph by donating goods in kind to any mcdo store located in mm starting today until aug reliefph']",trust
178,13,178_est_qld_warning_flood,"['est', 'qld', 'warning', 'flood', 'rivers', 'river', 'macintyre', 'bom', 'weir', 'fitzroy']","['rt : / : est flood warning - mary river (qld)', '/ : est flood warning - mary river (qld)', 'qld / : est flood warning - macintyre, weir &amp; border rivers (qld): qld / : est flood warning - macin...']",anger
179,13,179_queries_airs_technology_nyc,"['queries', 'airs', 'technology', 'nyc', 'derailment', 'about', 'train', 'jamaicaobserver', 'comcast', 'recorders']","['nyc train derailment airs queries about technology', 'nyc train derailment airs queries about technology', 'nyc train derailment airs queries about technology']",anticipation
180,13,180_positive_genesis_pinoys_promised,"['positive', 'genesis', 'pinoys', 'promised', 'panic', 'never', 'think', 'again', 'don', 'god']","[""rt : don't panic to this genesis : - god promised to never do that again. think positive, be positive.! pinoys!! rescueph"", ""rt : don't panic to this genesis : - god promised to never do that again. think positive, be positive.! pinoys!! rescueph"", ""rt : don't panic to this genesis : - god promised to never do that again. think positive, be positive.! pinoys!! rescueph""]",trust
181,13,181_hotlines_maringph_sagip_kapamilya,"['hotlines', 'maringph', 'sagip', 'kapamilya', 'assistance', 'pnp', 'anyone', 'bacoor', 'needs', 'or']","['rt : if anyone needs help or assistance, the sagip kapamilya hotlines are and . maringph ha…', 'rt : if anyone needs help or assistance, the sagip kapamilya hotlines are and . maringph ha…', 'rt : if anyone needs help or assistance, the sagip kapamilya hotlines are and . maringph ha…']",trust
182,12,182_northern_italy_bologna_km,"['northern', 'italy', 'bologna', 'km', 'may', 'ago', 'nnw', 'epicenter', 'depth', 'earthquake']","['rt : . earthquake, northern italy. may : am at epicenter ( m ago, km nnw of bologna, depth . km). ...', 'rt : . earthquake, northern italy. may : pm at epicenter ( m ago, km n of bologna, depth . km). ...', 'rt : . earthquake, northern italy. may : pm at epicenter ( h: m ago, km n of bologna, depth km). ...']",trust
183,12,183_insurance_claims_ama_sewer,"['insurance', 'claims', 'ama', 'sewer', 'exist', 'backup', 'td', 'flood', 'homes', 'cover']","['flood insurance - worth the investment? coflood flood insurance', ""rt : ama tells me most people with flooded homes will not have insurance since flood insurance doesn't exist for homes in canada"", ""rt : ama tells me most people with flooded homes will not have insurance since flood insurance doesn't exist for homes in canada""]",trust
184,12,184_villa_euros_david_millones,"['villa', 'euros', 'david', 'millones', 'donado', 'ayudar', 'afectados', 'tragedia', 'compostela', 'ha']","['rt : david villa ha donado millones de euros para ayudar a los afectados en la tragedia del tren en santiago de compostela.…', 'rt : david villa ha donado millones de euros para ayudar a los afectados en la tragedia del tren en santiago de compostela.…', 'rt : david villa ha donado millones de euros para ayudar a los afectados en la tragedia del tren en santiago de compostela.…']",trust
185,12,185_caucasus_bombing_chechen_boston,"['caucasus', 'bombing', 'chechen', 'boston', 'chechnya', 'czech', 'terrorism', 'glad', 'website', 'suspects']","['rt : attention, racists: the boston bombing suspects are from the actual caucasus region, meaning they literally could n ...', ""rt : afp: ''north caucasus rebels deny link to boston attack: website'': a website used by russia's north caucasus..."", 'boston bombing stirs echoes of unrest in caucasus: kizilyurt, russia — with an automatic weapon at his side an...']",trust
186,12,186_coordinate_hashtags_philippine_efforts,"['coordinate', 'hashtags', 'philippine', 'efforts', 'relief', 'midst', 'floods', 'help', 'widespread', 'socialmedia']","['hashtags help coordinate relief efforts in philippine floods: more about: philippines, disaster relief, flooding', 'rt : hashtags help coordinate relief efforts in philippine floods -', 'hashtags help coordinate relief efforts in philippine floods']",trust
187,12,187_kitchen_hs_ateneo_food,"['kitchen', 'hs', 'ateneo', 'food', 'containers', 'cooking', 'rice', 'reliefph', 'cooked', 'styro']","['rt : ateneo hs reliefph kitchen. urgent need: trash bags, food containers, cooking oil and sporks. pls come w caps/head ...', 'pls rt. super urgent. the ateneo hs reliefph kitchen badly needs food containers (paper, kung pwede. ok na styro or microwave plastic).', 'rt : pls rt. super urgent. the ateneo hs reliefph kitchen badly needs food containers (paper, kung pwede. ok na styro or ...']",trust
188,12,188_naliligo_hampaslupang_ginagawang_dahilan,"['naliligo', 'hampaslupang', 'ginagawang', 'dahilan', 'ito', 'ay', 'hindi', 'pa', 'tweet', 'mga']","['rt : ang tweet na ito ay para sa mga hampaslupang hindi pa naliligo at ginagawang dahilan si maringph.', 'rt : ang tweet na ito ay para sa mga hampaslupang hindi pa naliligo at ginagawang dahilan si maringph.', 'rt : ang tweet na ito ay para sa mga hampaslupang hindi pa naliligo at ginagawang dahilan si maringph.']",surprise
189,12,189_clube_prayforsa_envio_minhas,"['clube', 'prayforsa', 'envio', 'minhas', 'orações', 'vocês', 'meu', 'coração', 'brasil', 'vítimas']","['rt : envio minhas orações para as vítimas do incêndio no clube em santamaria. o meu coração está com vocês brasil. prayforsa ...', 'rt : envio minhas orações para as vítimas do incêndio no clube em santamaria. o meu coração está com vocês brasil. prayforsa ...', 'rt : envio minhas orações para as vítimas do incêndio no clube em santamaria. o meu coração está com vocês brasil. prayforsa ...']",trust
190,12,190_imágenes_accidente_compostela_santiago,"['imágenes', 'accidente', 'compostela', 'santiago', 'tren', 'airstar', 'en', 'de', 'el', 'escalofriantes']","['rt : el accidente de tren en santiago de compostela en imágenes', 'rt : el accidente de tren en santiago de compostela en imágenes', 'rt : el accidente de tren en santiago de compostela en imágenes']",trust
191,11,191_lobang_right_abtm_sghaze,"['lobang', 'right', 'abtm', 'sghaze', 'was', 'true', 'ahahahahahaha', 'yell', 'omgoshh', 'credits']","['rt : lobang was right. sghaze', 'rt : lobang was right. sghaze', 'rt : lobang was right. sghaze']",trust
192,11,192_southwest_monsoon_enhanced_system,"['southwest', 'monsoon', 'enhanced', 'system', 'rainfall', 'habagat', 'weather', 'tropical', 'storm', 'warning']","['rt : red rainfall warning no. a weather system: southwest monsoon ( habagat) enhanced by tropical storm...', 'rt : red rainfall warning no. a weather system: southwest monsoon ( habagat) enhanced by tropical storm...', 'rt : red rainfall warning no. a weather system: southwest monsoon ( habagat) enhanced by tropical storm...']",trust
193,11,193_dakpin_dalhin_china_facundo,"['dakpin', 'dalhin', 'china', 'facundo', 'inyo', 'sa', 'hiya', 'inangkin', 'hiyang', 'eto']","['rt : facundo! dakpin si pabloph , dalhin sa china!', 'rt : facundo! dakpin si pabloph , dalhin sa china!', 'rt : facundo! dakpin si pabloph , dalhin sa china!']",trust
194,11,194_nursery_floor_uerm_rd,"['nursery', 'floor', 'uerm', 'rd', 'almost', 'whole', 'where', 'rescuers', 'needs', 'day']","['rt : uerm really needs help!! flood is almost at rd floor where the nursery is. no rescuers the whole day. rescueph', 'rt : uerm really needs help!! flood is almost at rd floor where the nursery is. no rescuers the whole day. rescueph', 'rt : uerm really needs help!! flood is almost at rd floor where the nursery is. no rescuers the whole day. rescueph']",sadness
195,11,195_africa_eruption_snow_drought,"['africa', 'eruption', 'snow', 'drought', 'volcanic', 'zealand', 'america', 'manila', 'seriously', 'century']","[""rt : snow in africa. drought in america. flood in manila. volcanic eruption in new zealand. seriously, what's next? :("", ""rt : snow in africa. drought in america. flood in manila. volcanic eruption in new zealand. seriously, what's next? :("", ""rt : “ : snow in africa. drought in america. flood in manila. volcanic eruption in new zealand. seriously, what's ...""]",anticipation
196,11,196_syria_palestine_kashmir_pakistan,"['syria', 'palestine', 'kashmir', 'pakistan', 'iraq', 'somalia', 'nigeria', 'muslim', 'yemen', 'prayfortheummah']","['rt : prayfortheummah syria rohingya ( burma) palestine kashmir iraq afghanistan nigeria bangladesh muslim and more...', 'rt : prayfortheummah syria rohingya ( burma) palestine kashmir iraq afghanistan nigeria bangladesh muslim and more...', 'rt : prayfortheummah syria rohingya ( burma) palestine kashmir iraq afghanistan nigeria bangladesh muslim and more...']",trust
197,11,197_cebu_earthquakeph_aftershock_bohol,"['cebu', 'earthquakeph', 'aftershock', 'bohol', 'abagsugbohol', 'coelho', 'bcd', 'sleeep', 'grabbed', 'visayanearthquake']","['earlier... evacuees earthquakeph cebu hrs of sleeep lang! trauma aftershocks', ""here's the complete story... cebu bohol visayanearthquake earthquakeph"", 'rt : “if pain must come, may it come quickly. ―paulo coelho bohol cebu earthquake personal fave photo baclayon church http…']",trust
198,11,198_thunderstorm_vprsd_oct_advisory,"['thunderstorm', 'vprsd', 'oct', 'advisory', 'expect', 'over', 'affecting', 'cebu', 'pm', 'balamaban']","[""[dost-pagasa] thunderstorm advisory no. vprsd : pm ( oct' ) expect thunderstorm over cebu (balamaban..."", ""rt : thunderstorm advisory no. vprsd : pm ( oct' ) expect thunderstorm over cebu (balamaban, toledo,..."", ""rt : thunderstorm advisory no. vprsd : am ( oct' ) expect thunderstorm over cebu ( pinamungahan,...""]",joy
199,11,199_forgot_protecting_busy_protect,"['forgot', 'protecting', 'busy', 'protect', 'earthqu', 'churches', 'destroyed', 'his', 'because', 'god']","['rt : churches were destroyed because god was too busy protecting our home that he forgot to protect his. prayforvisayas earthqu…', 'rt : churches were destroyed because god was too busy protecting our home that he forgot to protect his. prayforvisayas earthqu…', 'rt : churches were destroyed because god was too busy protecting our home that he forgot to protect his. prayforvisayas earthqu…']",sadness
200,10,200_aeropuerto_ángeles_tiroteo_corriente,"['aeropuerto', 'ángeles', 'tiroteo', 'corriente', 'atacar', 'mostrar', 'muchacho', 'arma', 'parece', 'piso']","['rt : estados unidos: reportan tiroteo en aeropuerto de los ángeles lax', 'rt : esta foto obtenida por cnn parece mostrar un arma en el piso en el aeropuerto de los ángeles lax', 'y los filtros? :( : parece mostrar un arma en el piso en el aeropuerto de los ángeles lax']",trust
201,10,201_alberta_yycflood_geddon_supportive,"['alberta', 'yycflood', 'geddon', 'supportive', 'effortlessly', 'albertafloods', 'thoughts', 'immensely', 'dub', 'judges']","['our thoughts are with everyone in alberta effected by the yycflood. staysafe', 'rt : our thoughts are with the and everyone in alberta affected by the yycflood.', 'rt : our thoughts are with the and everyone in alberta affected by the yycflood.']",trust
202,10,202_north_metro_bloomberg_crash,"['north', 'metro', 'bloomberg', 'crash', 'ordered', 'woes', 'spate', 'outer', 'routine', 'absence']","['bloomberg mia after metro north crash??', ""mayor bloomberg won't say where he was, but defends absence from metro-north crash site"", 'after fatal crash, metro-north is ordered to make safety changes - new york times']",sadness
203,10,203_centri_raccolta_invio_saturi,"['centri', 'raccolta', 'invio', 'saturi', 'aiuti', 'sospendere', 'allertameteosar', 'di', 'protezione', 'interrompere']","['rt : centri raccolta saturi: protezione civile sardegna invita ad interrompere invio di aiuti ai centri', 'rt : alluvione sardegna protezione civile chiede sospendere invio aiuti: centri raccolta per ora sono saturi allertameteosar', 'alluvione sardegna - protezione civile invita a sospendere invio aiuti: centri raccolta saturi allertameteosar']",trust
